na_item,geo,year,Total population national concept
POP_NC,AD,2014 ,79.21
POP_NC,AE,2014 ,9214.18
POP_NC,AF,2014 ,33370.79
POP_NC,AG,2014 ,92.56
POP_NC,AI,2014 ,14.11
POP_NC,AL,2014 ,2889.1
POP_NC,AM,2014 ,2906.22
POP_NC,AO,2014 ,26941.78
POP_NC,AR,2014 ,42669.5
POP_NC,AT,2014 ,8543.93
POP_NC,AU,2014 ,23475.7
POP_NC,AW,2014 ,103.77
POP_NC,AZ,2014 ,9503.77
POP_NC,BB,2014 ,283.39
POP_NC,BD,2014 ,154517.38
POP_NC,BE,2014 ,11209.1
POP_NC,BF,2014 ,17585.98
POP_NC,BG,2014 ,7073.57
POP_NC,BH,2014 ,1336.08
POP_NC,BI,2014 ,9844.3
POP_NC,BJ,2014 ,10286.84
POP_NC,BN,2014 ,411.7
POP_NC,BO,2014 ,10562.16
POP_NC,BQ,2014 ,24.07
POP_NC,BR,2014 ,201717.5
POP_NC,BS,2014 ,370.63
POP_NC,BT,2014 ,719.06
POP_NC,BW,2014 ,2168.57
POP_NC,BY,2014 ,9484.85
POP_NC,BZ,2014 ,351.69
POP_NC,CA,2014 ,35434.1
POP_NC,CD,2014 ,73767.45
POP_NC,CF,2014 ,4464.18
POP_NC,CG,2014 ,4736.98
POP_NC,CH,2014 ,8188.54
POP_NC,CI,2014 ,22531.35
POP_NC,CL,2014 ,17787.6
POP_NC,CM,2014 ,22239.9
POP_NC,CN,2014 ,1376460.0
POP_NC,CO,2014 ,44914.1
POP_NC,CR,2014 ,4770.7
POP_NC,CU,2014 ,11306.9
POP_NC,CV,2014 ,526.44
POP_NC,CW,2014 ,158.42
POP_NC,CY,2014 ,852.5
POP_NC,CZ,2014 ,10503.79
POP_NC,DE,2014 ,80983.0
POP_NC,DJ,2014 ,898.7
POP_NC,DK,2014 ,5643.35
POP_NC,DM,2014 ,71.09
POP_NC,DO,2014 ,10405.84
POP_NC,DZ,2014 ,39113.31
POP_NC,EC,2014 ,15903.11
POP_NC,EE,2014 ,1315.8
POP_NC,EG,2014 ,91812.57
POP_NC,EL,2014 ,10892.38
POP_NC,ER,2014 ,4746.05
POP_NC,ES,2014 ,46433.05
POP_NC,ET,2014 ,98094.27
POP_NC,FI,2014 ,5462.5
POP_NC,FJ,2014 ,866.45
POP_NC,FM,2014 ,107.45
POP_NC,FO,2014 ,47.96
POP_NC,FR,2014 ,66020.6
POP_NC,Y3,2014 ,254.77
POP_NC,GA,2014 ,1883.8
POP_NC,GD,2014 ,108.9
POP_NC,GE,2014 ,3992.35
POP_NC,GH,2014 ,26962.56
POP_NC,GL,2014 ,56.38
POP_NC,GM,2014 ,2024.04
POP_NC,GN,2014 ,11150.98
POP_NC,GQ,2014 ,1122.28
POP_NC,GT,2014 ,15923.56
POP_NC,GU,2014 ,161.02
POP_NC,GW,2014 ,1692.44
POP_NC,GY,2014 ,763.38
POP_NC,HN,2014 ,8809.22
POP_NC,HR,2014 ,4236.06
POP_NC,HT,2014 ,10549.01
POP_NC,HU,2014 ,9833.04
POP_NC,ID,2014 ,252164.8
POP_NC,IE,2014 ,4652.46
POP_NC,IL,2014 ,8212.0
POP_NC,IN,2014 ,1267000.0
POP_NC,IQ,2014 ,34411.95
POP_NC,IR,2014 ,77465.77
POP_NC,IS,2014 ,321.4
POP_NC,IT,2014 ,60320.7
POP_NC,JM,2014 ,2862.09
POP_NC,JO,2014 ,8809.31
POP_NC,JP,2014 ,127262.0
POP_NC,KE,2014 ,46024.25
POP_NC,KG,2014 ,5774.57
POP_NC,KH,2014 ,15270.79
POP_NC,KI,2014 ,109.39
POP_NC,KM,2014 ,759.39
POP_NC,KN,2014 ,50.77
POP_NC,KR,2014 ,50747.0
POP_NC,KW,2014 ,3690.94
POP_NC,KY,2014 ,60.85
POP_NC,KZ,2014 ,17302.62
POP_NC,LA,2014 ,6639.76
POP_NC,LB,2014 ,6261.04
POP_NC,LC,2014 ,178.3
POP_NC,LI,2014 ,37.71
POP_NC,LK,2014 ,20623.56
POP_NC,LR,2014 ,4359.51
POP_NC,LS,2014 ,2043.45
POP_NC,LT,2014 ,2937.25
POP_NC,LU,2014 ,558.33
POP_NC,LV,2014 ,1994.25
POP_NC,LY,2014 ,6362.04
POP_NC,MA,2014 ,34318.08
POP_NC,MD,2014 ,4069.94
POP_NC,ME,2014 ,621.81
POP_NC,MG,2014 ,23589.8
POP_NC,MH,2014 ,57.18
POP_NC,MK,2014 ,0.0
POP_NC,ML,2014 ,16934.21
POP_NC,MM,2014 ,52280.82
POP_NC,MN,2014 ,2923.9
POP_NC,MO,2014 ,588.78
POP_NC,MR,2014 ,3930.9
POP_NC,MS,2014 ,4.96
POP_NC,MT,2014 ,433.9
POP_NC,MU,2014 ,1257.22
POP_NC,MV,2014 ,435.02
POP_NC,MW,2014 ,16289.55
POP_NC,MX,2014 ,117701.0
POP_NC,MY,2014 ,30228.02
POP_NC,MZ,2014 ,27212.38
POP_NC,NA,2014 ,2370.99
POP_NC,NC,2014 ,267.74
POP_NC,NE,2014 ,19240.18
POP_NC,NG,2014 ,176460.5
POP_NC,NI,2014 ,6014.0
POP_NC,NL,2014 ,16865.0
POP_NC,NO,2014 ,5137.0
POP_NC,NP,2014 ,26905.98
POP_NC,NR,2014 ,10.29
POP_NC,NU,2014 ,1.61
POP_NC,NZ,2014 ,4541.9
POP_NC,CD,2014 ,1319667.7
POP_NC,OM,2014 ,3960.93
POP_NC,PA,2014 ,3903.99
POP_NC,PE,2014 ,30973.35
POP_NC,PF,2014 ,271.71
POP_NC,PG,2014 ,7946.73
POP_NC,PH,2014 ,100102.25
POP_NC,PK,2014 ,195305.01
POP_NC,PL,2014 ,38006.15
POP_NC,PR,2014 ,3453.67
POP_NC,PS,2014 ,4537.43
POP_NC,PT,2014 ,10419.61
POP_NC,PW,2014 ,17.63
POP_NC,PY,2014 ,6552.58
POP_NC,QA,2014 ,2459.2
POP_NC,RO,2014 ,19916.45
POP_NC,RS,2014 ,7131.79
POP_NC,RU,2014 ,146090.6
POP_NC,RW,2014 ,11345.36
POP_NC,SA,2014 ,30432.0
POP_NC,SB,2014 ,587.08
POP_NC,SC,2014 ,93.25
POP_NC,SD,2014 ,37977.66
POP_NC,SE,2014 ,9697.03
POP_NC,SI,2014 ,2061.8
POP_NC,SK,2014 ,5418.56
POP_NC,SL,2014 ,7017.15
POP_NC,SM,2014 ,32.95
POP_NC,SN,2014 ,14546.11
POP_NC,SO,2014 ,13423.57
POP_NC,SR,2014 ,553.27
POP_NC,SS,2014 ,10554.88
POP_NC,ST,2014 ,195.73
POP_NC,SV,2014 ,6281.19
POP_NC,SX,2014 ,38.88
POP_NC,SY,2014 ,18710.71
POP_NC,SZ,2014 ,1095.02
POP_NC,TC,2014 ,35.37
POP_NC,TD,2014 ,13663.57
POP_NC,TG,2014 ,7138.0
POP_NC,TH,2014 ,68416.77
POP_NC,TJ,2014 ,8362.75
POP_NC,TL,2014 ,1174.33
POP_NC,TM,2014 ,5466.33
POP_NC,TN,2014 ,11143.91
POP_NC,TO,2014 ,101.03
POP_NC,TR,2014 ,77182.0
POP_NC,TT,2014 ,1362.35
POP_NC,TV,2014 ,10.97
POP_NC,TZ,2014 ,52234.87
POP_NC,UA,2014 ,44883.43
POP_NC,UG,2014 ,38833.34
POP_NC,UK,2014 ,64597.0
POP_NC,US,2014 ,319601.0
POP_NC,UY,2014 ,3419.55
POP_NC,VC,2014 ,108.86
POP_NC,VE,2014 ,30738.38
POP_NC,VG,2014 ,28.99
POP_NC,VN,2014 ,92544.92
POP_NC,VU,2014 ,263.89
POP_NC,WS,2014 ,192.29
POP_NC,YE,2014 ,25823.49
POP_NC,ZA,2014 ,53701.5
POP_NC,ZM,2014 ,15399.79
POP_NC,ZW,2014 ,13586.71
POP_NC,AD,2015 ,78.01
POP_NC,AE,2015 ,9262.9
POP_NC,AF,2015 ,34413.6
POP_NC,AG,2015 ,93.57
POP_NC,AI,2015 ,14.28
POP_NC,AL,2015 ,2880.7
POP_NC,AM,2015 ,2916.95
POP_NC,AO,2015 ,27884.38
POP_NC,AR,2015 ,43132.0
POP_NC,AT,2015 ,8629.52
POP_NC,AU,2015 ,23816.0
POP_NC,AW,2015 ,104.34
POP_NC,AZ,2015 ,9617.48
POP_NC,BB,2015 ,284.22
POP_NC,BD,2015 ,156256.28
POP_NC,BE,2015 ,11274.2
POP_NC,BF,2015 ,18110.62
POP_NC,BG,2015 ,6984.23
POP_NC,BH,2015 ,1371.85
POP_NC,BI,2015 ,10160.03
POP_NC,BJ,2015 ,10575.95
POP_NC,BN,2015 ,417.54
POP_NC,BO,2015 ,10724.71
POP_NC,BQ,2015 ,24.57
POP_NC,BR,2015 ,203475.7
POP_NC,BS,2015 ,374.21
POP_NC,BT,2015 ,727.88
POP_NC,BW,2015 ,2209.2
POP_NC,BY,2015 ,9485.77
POP_NC,BZ,2015 ,359.29
POP_NC,CA,2015 ,35704.5
POP_NC,CD,2015 ,76244.54
POP_NC,CF,2015 ,4493.17
POP_NC,CG,2015 ,4856.1
POP_NC,CH,2015 ,8289.77
POP_NC,CI,2015 ,23108.47
POP_NC,CL,2015 ,17971.4
POP_NC,CM,2015 ,22834.52
POP_NC,CN,2015 ,1383260.0
POP_NC,CO,2015 ,45348.5
POP_NC,CR,2015 ,4829.7
POP_NC,CU,2015 ,11324.78
POP_NC,CV,2015 ,532.91
POP_NC,CW,2015 ,159.85
POP_NC,CY,2015 ,845.66
POP_NC,CZ,2015 ,10507.55
POP_NC,DE,2015 ,81687.0
POP_NC,DJ,2015 ,913.99
POP_NC,DK,2015 ,5682.45
POP_NC,DM,2015 ,71.18
POP_NC,DO,2015 ,10528.39
POP_NC,DZ,2015 ,39871.53
POP_NC,EC,2015 ,16144.37
POP_NC,EE,2015 ,1313.3
POP_NC,EG,2015 ,93778.17
POP_NC,EL,2015 ,10820.91
POP_NC,ER,2015 ,4846.98
POP_NC,ES,2015 ,46384.38
POP_NC,ET,2015 ,100835.46
POP_NC,FI,2015 ,5480.5
POP_NC,FJ,2015 ,868.63
POP_NC,FM,2015 ,108.9
POP_NC,FO,2015 ,48.05
POP_NC,FR,2015 ,66313.9
POP_NC,Y3,2015 ,261.0
POP_NC,GA,2015 ,1947.69
POP_NC,GD,2015 ,109.6
POP_NC,GE,2015 ,3951.52
POP_NC,GH,2015 ,27582.82
POP_NC,GL,2015 ,56.38
POP_NC,GM,2015 ,2085.86
POP_NC,GN,2015 ,11432.09
POP_NC,GQ,2015 ,1168.57
POP_NC,GT,2015 ,16252.43
POP_NC,GU,2015 ,161.85
POP_NC,GW,2015 ,1737.2
POP_NC,GY,2015 ,767.43
POP_NC,HN,2015 ,8960.83
POP_NC,HR,2015 ,4207.99
POP_NC,HT,2015 ,10695.54
POP_NC,HU,2015 ,9797.76
POP_NC,ID,2015 ,255587.5
POP_NC,IE,2015 ,4695.77
POP_NC,IL,2015 ,8377.1
POP_NC,IN,2015 ,1283000.0
POP_NC,IQ,2015 ,35572.26
POP_NC,IR,2015 ,78492.22
POP_NC,IS,2015 ,324.5
POP_NC,IT,2015 ,60229.6
POP_NC,JM,2015 ,2871.93
POP_NC,JO,2015 ,9159.3
POP_NC,JP,2015 ,127110.0
POP_NC,KE,2015 ,47236.26
POP_NC,KG,2015 ,5865.4
POP_NC,KH,2015 ,15517.64
POP_NC,KI,2015 ,110.93
POP_NC,KM,2015 ,777.42
POP_NC,KN,2015 ,51.2
POP_NC,KR,2015 ,51015.0
POP_NC,KW,2015 ,3835.59
POP_NC,KY,2015 ,61.72
POP_NC,KZ,2015 ,17572.02
POP_NC,LA,2015 ,6741.16
POP_NC,LB,2015 ,6532.68
POP_NC,LC,2015 ,179.13
POP_NC,LI,2015 ,38.06
POP_NC,LK,2015 ,20714.04
POP_NC,LR,2015 ,4472.23
POP_NC,LS,2015 ,2059.02
POP_NC,LT,2015 ,2911.11
POP_NC,LU,2015 ,569.4
POP_NC,LV,2015 ,1977.31
POP_NC,LY,2015 ,6418.32
POP_NC,MA,2015 ,34803.32
POP_NC,MD,2015 ,4065.98
POP_NC,ME,2015 ,622.16
POP_NC,MG,2015 ,24234.09
POP_NC,MH,2015 ,57.44
POP_NC,MK,2015 ,0.0
POP_NC,ML,2015 ,17438.78
POP_NC,MM,2015 ,52680.73
POP_NC,MN,2015 ,2976.88
POP_NC,MO,2015 ,600.94
POP_NC,MR,2015 ,4046.3
POP_NC,MS,2015 ,4.97
POP_NC,MT,2015 ,444.4
POP_NC,MU,2015 ,1259.46
POP_NC,MV,2015 ,454.92
POP_NC,MW,2015 ,16745.3
POP_NC,MX,2015 ,119050.5
POP_NC,MY,2015 ,30723.16
POP_NC,MZ,2015 ,28010.69
POP_NC,NA,2015 ,2425.56
POP_NC,NC,2015 ,271.07
POP_NC,NE,2015 ,20001.66
POP_NC,NG,2015 ,181181.74
POP_NC,NI,2015 ,6082.04
POP_NC,NL,2015 ,16940.0
POP_NC,NO,2015 ,5190.0
POP_NC,NP,2015 ,27015.03
POP_NC,NR,2015 ,10.38
POP_NC,NU,2015 ,1.62
POP_NC,NZ,2015 ,4638.2
POP_NC,CD,2015 ,1327947.0
POP_NC,OM,2015 ,4199.81
POP_NC,PA,2015 ,3969.25
POP_NC,PE,2015 ,31376.67
POP_NC,PF,2015 ,273.12
POP_NC,PG,2015 ,8107.78
POP_NC,PH,2015 ,101716.36
POP_NC,PK,2015 ,199426.96
POP_NC,PL,2015 ,37981.59
POP_NC,PR,2015 ,3381.52
POP_NC,PS,2015 ,4662.88
POP_NC,PT,2015 ,10381.84
POP_NC,PW,2015 ,17.67
POP_NC,PY,2015 ,6639.12
POP_NC,QA,2015 ,2565.71
POP_NC,RO,2015 ,19822.25
POP_NC,RS,2015 ,7095.38
POP_NC,RU,2015 ,146406.0
POP_NC,RW,2015 ,11629.55
POP_NC,SA,2015 ,31153.6
POP_NC,SB,2015 ,603.12
POP_NC,SC,2015 ,93.74
POP_NC,SD,2015 ,38902.95
POP_NC,SE,2015 ,9799.19
POP_NC,SI,2015 ,2063.3
POP_NC,SK,2015 ,5422.34
POP_NC,SL,2015 ,7171.91
POP_NC,SM,2015 ,33.27
POP_NC,SN,2015 ,14976.99
POP_NC,SO,2015 ,13797.2
POP_NC,SR,2015 ,559.14
POP_NC,SS,2015 ,10715.66
POP_NC,ST,2015 ,199.43
POP_NC,SV,2015 ,6312.48
POP_NC,SX,2015 ,39.97
POP_NC,SY,2015 ,17997.41
POP_NC,SZ,2015 ,1104.04
POP_NC,TC,2015 ,35.98
POP_NC,TD,2015 ,14110.98
POP_NC,TG,2015 ,7323.16
POP_NC,TH,2015 ,68657.6
POP_NC,TJ,2015 ,8548.65
POP_NC,TL,2015 ,1196.3
POP_NC,TM,2015 ,5565.29
POP_NC,TN,2015 ,11273.66
POP_NC,TO,2015 ,100.78
POP_NC,TR,2015 ,78218.0
POP_NC,TT,2015 ,1370.33
POP_NC,TV,2015 ,11.1
POP_NC,TZ,2015 ,53879.96
POP_NC,UA,2015 ,44657.7
POP_NC,UG,2015 ,40144.87
POP_NC,UK,2015 ,65110.0
POP_NC,US,2015 ,322113.0
POP_NC,UY,2015 ,3431.55
POP_NC,VC,2015 ,109.15
POP_NC,VE,2015 ,31155.13
POP_NC,VG,2015 ,29.15
POP_NC,VN,2015 ,93571.57
POP_NC,VU,2015 ,271.13
POP_NC,WS,2015 ,193.76
POP_NC,YE,2015 ,26497.89
POP_NC,ZA,2015 ,54432.7
POP_NC,ZM,2015 ,15879.36
POP_NC,ZW,2015 ,13814.63
POP_NC,AD,2016 ,77.3
POP_NC,AE,2016 ,9360.98
POP_NC,AF,2016 ,35383.03
POP_NC,AG,2016 ,94.53
POP_NC,AI,2016 ,14.43
POP_NC,AL,2016 ,2876.1
POP_NC,AM,2016 ,2924.82
POP_NC,AO,2016 ,28842.49
POP_NC,AR,2016 ,43590.4
POP_NC,AT,2016 ,8739.81
POP_NC,AU,2016 ,24190.9
POP_NC,AW,2016 ,104.87
POP_NC,AZ,2016 ,9725.38
POP_NC,BB,2016 ,285.0
POP_NC,BD,2016 ,157977.15
POP_NC,BE,2016 ,11331.4
POP_NC,BF,2016 ,18646.43
POP_NC,BG,2016 ,6894.14
POP_NC,BH,2016 ,1425.79
POP_NC,BI,2016 ,10488.0
POP_NC,BJ,2016 ,10872.06
POP_NC,BN,2016 ,423.2
POP_NC,BO,2016 ,10887.88
POP_NC,BQ,2016 ,25.02
POP_NC,BR,2016 ,205156.6
POP_NC,BS,2016 ,377.93
POP_NC,BT,2016 ,736.71
POP_NC,BW,2016 ,2250.26
POP_NC,BY,2016 ,9480.04
POP_NC,BZ,2016 ,366.95
POP_NC,CA,2016 ,36110.8
POP_NC,CD,2016 ,78789.13
POP_NC,CF,2016 ,4537.69
POP_NC,CG,2016 ,4981.0
POP_NC,CH,2016 ,8379.32
POP_NC,CI,2016 ,23695.92
POP_NC,CL,2016 ,18167.1
POP_NC,CM,2016 ,23439.19
POP_NC,CN,2016 ,1392320.0
POP_NC,CO,2016 ,45844.6
POP_NC,CR,2016 ,4888.0
POP_NC,CU,2016 ,11335.1
POP_NC,CV,2016 ,539.56
POP_NC,CW,2016 ,161.05
POP_NC,CY,2016 ,851.56
POP_NC,CZ,2016 ,10513.67
POP_NC,DE,2016 ,82349.0
POP_NC,DJ,2016 ,929.11
POP_NC,DK,2016 ,5728.75
POP_NC,DM,2016 ,71.31
POP_NC,DO,2016 ,10648.79
POP_NC,DZ,2016 ,40606.05
POP_NC,EC,2016 ,16385.07
POP_NC,EE,2016 ,1315.9
POP_NC,EG,2016 ,95688.68
POP_NC,EL,2016 ,10775.98
POP_NC,ER,2016 ,4954.65
POP_NC,ES,2016 ,46427.1
POP_NC,ET,2016 ,103603.46
POP_NC,FI,2016 ,5495.3
POP_NC,FJ,2016 ,872.4
POP_NC,FM,2016 ,110.22
POP_NC,FO,2016 ,48.17
POP_NC,FR,2016 ,66563.4
POP_NC,Y3,2016 ,267.82
POP_NC,GA,2016 ,2007.87
POP_NC,GD,2016 ,110.26
POP_NC,GE,2016 ,3925.41
POP_NC,GH,2016 ,28206.73
POP_NC,GL,2016 ,56.41
POP_NC,GM,2016 ,2149.14
POP_NC,GN,2016 ,11738.43
POP_NC,GQ,2016 ,1215.18
POP_NC,GT,2016 ,16582.47
POP_NC,GU,2016 ,162.95
POP_NC,GW,2016 ,1782.44
POP_NC,GY,2016 ,771.37
POP_NC,HN,2016 ,9112.87
POP_NC,HR,2016 ,4172.44
POP_NC,HT,2016 ,10839.97
POP_NC,HU,2016 ,9759.76
POP_NC,ID,2016 ,258496.5
POP_NC,IE,2016 ,4752.46
POP_NC,IL,2016 ,8543.4
POP_NC,IN,2016 ,1299000.0
POP_NC,IQ,2016 ,36610.63
POP_NC,IR,2016 ,79563.99
POP_NC,IS,2016 ,329.3
POP_NC,IT,2016 ,60115.2
POP_NC,JM,2016 ,2881.36
POP_NC,JO,2016 ,9455.8
POP_NC,JP,2016 ,126933.0
POP_NC,KE,2016 ,48461.57
POP_NC,KG,2016 ,5955.73
POP_NC,KH,2016 ,15762.37
POP_NC,KI,2016 ,112.52
POP_NC,KM,2016 ,795.59
POP_NC,KN,2016 ,51.63
POP_NC,KR,2016 ,51218.0
POP_NC,KW,2016 ,3956.88
POP_NC,KY,2016 ,62.57
POP_NC,KZ,2016 ,17830.9
POP_NC,LA,2016 ,6845.85
POP_NC,LB,2016 ,6714.28
POP_NC,LC,2016 ,180.02
POP_NC,LI,2016 ,38.28
POP_NC,LK,2016 ,20798.49
POP_NC,LR,2016 ,4586.79
POP_NC,LS,2016 ,2075.03
POP_NC,LT,2016 ,2877.33
POP_NC,LU,2016 ,584.13
POP_NC,LV,2016 ,1959.34
POP_NC,LY,2016 ,6492.16
POP_NC,MA,2016 ,35276.79
POP_NC,MD,2016 ,4059.61
POP_NC,ME,2016 ,622.3
POP_NC,MG,2016 ,24894.55
POP_NC,MH,2016 ,57.74
POP_NC,MK,2016 ,0.0
POP_NC,ML,2016 ,17965.44
POP_NC,MM,2016 ,53045.2
POP_NC,MN,2016 ,3027.4
POP_NC,MO,2016 ,612.17
POP_NC,MR,2016 ,4163.53
POP_NC,MS,2016 ,4.98
POP_NC,MT,2016 ,454.58
POP_NC,MU,2016 ,1262.13
POP_NC,MV,2016 ,475.51
POP_NC,MW,2016 ,17205.26
POP_NC,MX,2016 ,120419.5
POP_NC,MY,2016 ,31187.27
POP_NC,MZ,2016 ,28829.48
POP_NC,NA,2016 ,2479.71
POP_NC,NC,2016 ,274.19
POP_NC,NE,2016 ,20788.8
POP_NC,NG,2016 ,185989.64
POP_NC,NI,2016 ,6149.93
POP_NC,NL,2016 ,17030.0
POP_NC,NO,2016 ,5236.0
POP_NC,NP,2016 ,27263.43
POP_NC,NR,2016 ,10.48
POP_NC,NU,2016 ,1.61
POP_NC,NZ,2016 ,4742.2
POP_NC,CD,2016 ,1336538.7
POP_NC,OM,2016 ,4424.76
POP_NC,PA,2016 ,4034.12
POP_NC,PE,2016 ,31773.84
POP_NC,PF,2016 ,274.58
POP_NC,PG,2016 ,8271.76
POP_NC,PH,2016 ,103320.22
POP_NC,PK,2016 ,203631.35
POP_NC,PL,2016 ,37956.78
POP_NC,PR,2016 ,3283.13
POP_NC,PS,2016 ,4790.71
POP_NC,PT,2016 ,10356.52
POP_NC,PW,2016 ,17.73
POP_NC,PY,2016 ,6725.31
POP_NC,QA,2016 ,2654.37
POP_NC,RO,2016 ,19706.42
POP_NC,RS,2016 ,7058.32
POP_NC,RU,2016 ,146674.5
POP_NC,RW,2016 ,11917.51
POP_NC,SA,2016 ,31879.0
POP_NC,SB,2016 ,619.44
POP_NC,SC,2016 ,94.23
POP_NC,SD,2016 ,39847.44
POP_NC,SE,2016 ,9923.08
POP_NC,SI,2016 ,2064.63
POP_NC,SK,2016 ,5430.8
POP_NC,SL,2016 ,7328.83
POP_NC,SM,2016 ,33.5
POP_NC,SN,2016 ,15411.61
POP_NC,SO,2016 ,14185.64
POP_NC,SR,2016 ,564.89
POP_NC,SS,2016 ,10832.52
POP_NC,ST,2016 ,203.23
POP_NC,SV,2016 ,6344.72
POP_NC,SX,2016 ,40.81
POP_NC,SY,2016 ,17465.58
POP_NC,SZ,2016 ,1114.0
POP_NC,TC,2016 ,36.56
POP_NC,TD,2016 ,14561.66
POP_NC,TG,2016 ,7509.95
POP_NC,TH,2016 ,68863.51
POP_NC,TJ,2016 ,8734.95
POP_NC,TL,2016 ,1219.29
POP_NC,TM,2016 ,5662.37
POP_NC,TN,2016 ,11403.25
POP_NC,TO,2016 ,101.13
POP_NC,TR,2016 ,79278.0
POP_NC,TT,2016 ,1377.56
POP_NC,TV,2016 ,11.23
POP_NC,TZ,2016 ,55572.2
POP_NC,UA,2016 ,44438.63
POP_NC,UG,2016 ,41487.97
POP_NC,UK,2016 ,65648.0
POP_NC,US,2016 ,324609.0
POP_NC,UY,2016 ,3444.01
POP_NC,VC,2016 ,109.46
POP_NC,VE,2016 ,31568.18
POP_NC,VG,2016 ,29.36
POP_NC,VN,2016 ,94569.07
POP_NC,VU,2016 ,278.33
POP_NC,WS,2016 ,195.13
POP_NC,YE,2016 ,27168.21
POP_NC,ZA,2016 ,55173.5
POP_NC,ZM,2016 ,16363.46
POP_NC,ZW,2016 ,14030.33
POP_NC,AD,2017 ,77.0
POP_NC,AE,2017 ,9487.2
POP_NC,AF,2017 ,36296.11
POP_NC,AG,2017 ,95.43
POP_NC,AI,2017 ,14.58
POP_NC,AL,2017 ,2873.46
POP_NC,AM,2017 ,0.0
POP_NC,AO,2017 ,29816.77
POP_NC,AR,2017 ,44044.8
POP_NC,AT,2017 ,8795.07
POP_NC,AU,2017 ,24592.6
POP_NC,AW,2017 ,105.37
POP_NC,AZ,2017 ,0.0
POP_NC,BB,2017 ,0.0
POP_NC,BD,2017 ,159685.42
POP_NC,BE,2017 ,11375.2
POP_NC,BF,2017 ,0.0
POP_NC,BG,2017 ,6803.47
POP_NC,BH,2017 ,1494.08
POP_NC,BI,2017 ,10827.02
POP_NC,BJ,2017 ,11175.2
POP_NC,BN,2017 ,0.0
POP_NC,BO,2017 ,0.0
POP_NC,BQ,2017 ,25.4
POP_NC,BR,2017 ,206804.7
POP_NC,BS,2017 ,381.76
POP_NC,BT,2017 ,745.56
POP_NC,BW,2017 ,0.0
POP_NC,BY,2017 ,0.0
POP_NC,BZ,2017 ,0.0
POP_NC,CA,2017 ,36545.1
POP_NC,CD,2017 ,81398.76
POP_NC,CF,2017 ,4596.02
POP_NC,CG,2017 ,5110.7
POP_NC,CH,2017 ,8457.41
POP_NC,CI,2017 ,0.0
POP_NC,CL,2017 ,18419.2
POP_NC,CM,2017 ,0.0
POP_NC,CN,2017 ,1400110.0
POP_NC,CO,2017 ,46421.8
POP_NC,CR,2017 ,4944.8
POP_NC,CU,2017 ,11339.25
POP_NC,CV,2017 ,0.0
POP_NC,CW,2017 ,162.0
POP_NC,CY,2017 ,859.52
POP_NC,CZ,2017 ,10520.95
POP_NC,DE,2017 ,82657.0
POP_NC,DJ,2017 ,944.1
POP_NC,DK,2017 ,5765.1
POP_NC,DM,2017 ,71.46
POP_NC,DO,2017 ,0.0
POP_NC,DZ,2017 ,0.0
POP_NC,EC,2017 ,0.0
POP_NC,EE,2017 ,1315.6
POP_NC,EG,2017 ,0.0
POP_NC,EL,2017 ,10754.69
POP_NC,ER,2017 ,0.0
POP_NC,ES,2017 ,46510.46
POP_NC,ET,2017 ,106399.92
POP_NC,FI,2017 ,5508.2
POP_NC,FJ,2017 ,877.46
POP_NC,FM,2017 ,111.46
POP_NC,FO,2017 ,48.33
POP_NC,FR,2017 ,66830.3
POP_NC,Y3,2017 ,275.19
POP_NC,GA,2017 ,2064.82
POP_NC,GD,2017 ,110.87
POP_NC,GE,2017 ,0.0
POP_NC,GH,2017 ,0.0
POP_NC,GL,2017 ,56.48
POP_NC,GM,2017 ,2213.89
POP_NC,GN,2017 ,12067.52
POP_NC,GQ,2017 ,1262.0
POP_NC,GT,2017 ,0.0
POP_NC,GU,2017 ,164.28
POP_NC,GW,2017 ,1828.15
POP_NC,GY,2017 ,775.22
POP_NC,HN,2017 ,0.0
POP_NC,HR,2017 ,4129.85
POP_NC,HT,2017 ,10982.37
POP_NC,HU,2017 ,9726.76
POP_NC,ID,2017 ,261355.5
POP_NC,IE,2017 ,4821.08
POP_NC,IL,2017 ,8709.7
POP_NC,IN,2017 ,1314000.0
POP_NC,IQ,2017 ,37552.78
POP_NC,IR,2017 ,80673.88
POP_NC,IS,2017 ,337.3
POP_NC,IT,2017 ,60002.3
POP_NC,JM,2017 ,0.0
POP_NC,JO,2017 ,0.0
POP_NC,JP,2017 ,126706.0
POP_NC,KE,2017 ,0.0
POP_NC,KG,2017 ,0.0
POP_NC,KH,2017 ,0.0
POP_NC,KI,2017 ,114.16
POP_NC,KM,2017 ,813.89
POP_NC,KN,2017 ,52.05
POP_NC,KR,2017 ,51362.0
POP_NC,KW,2017 ,4056.1
POP_NC,KY,2017 ,63.38
POP_NC,KZ,2017 ,18080.02
POP_NC,LA,2017 ,6953.04
POP_NC,LB,2017 ,6819.37
POP_NC,LC,2017 ,180.95
POP_NC,LI,2017 ,38.57
POP_NC,LK,2017 ,0.0
POP_NC,LR,2017 ,4702.23
POP_NC,LS,2017 ,2091.53
POP_NC,LT,2017 ,2842.64
POP_NC,LU,2017 ,596.98
POP_NC,LV,2017 ,1941.16
POP_NC,LY,2017 ,6580.72
POP_NC,MA,2017 ,0.0
POP_NC,MD,2017 ,0.0
POP_NC,ME,2017 ,622.37
POP_NC,MG,2017 ,0.0
POP_NC,MH,2017 ,58.06
POP_NC,MK,2017 ,0.0
POP_NC,ML,2017 ,18512.43
POP_NC,MM,2017 ,53382.52
POP_NC,MN,2017 ,0.0
POP_NC,MO,2017 ,0.0
POP_NC,MR,2017 ,4282.57
POP_NC,MS,2017 ,4.98
POP_NC,MT,2017 ,467.39
POP_NC,MU,2017 ,0.0
POP_NC,MV,2017 ,496.4
POP_NC,MW,2017 ,17670.2
POP_NC,MX,2017 ,121808.9
POP_NC,MY,2017 ,0.0
POP_NC,MZ,2017 ,0.0
POP_NC,NA,2017 ,0.0
POP_NC,NC,2017 ,277.15
POP_NC,NE,2017 ,21602.38
POP_NC,NG,2017 ,0.0
POP_NC,NI,2017 ,0.0
POP_NC,NL,2017 ,17131.0
POP_NC,NO,2017 ,5277.0
POP_NC,NP,2017 ,27632.68
POP_NC,NR,2017 ,10.57
POP_NC,NU,2017 ,1.61
POP_NC,NZ,2017 ,4837.7
POP_NC,CD,2017 ,1344517.3
POP_NC,OM,2017 ,0.0
POP_NC,PA,2017 ,0.0
POP_NC,PE,2017 ,0.0
POP_NC,PF,2017 ,276.1
POP_NC,PG,2017 ,8438.04
POP_NC,PH,2017 ,0.0
POP_NC,PK,2017 ,207906.21
POP_NC,PL,2017 ,37962.32
POP_NC,PR,2017 ,3163.67
POP_NC,PS,2017 ,0.0
POP_NC,PT,2017 ,10340.12
POP_NC,PW,2017 ,17.81
POP_NC,PY,2017 ,0.0
POP_NC,QA,2017 ,2724.73
POP_NC,RO,2017 ,19592.93
POP_NC,RS,2017 ,7020.86
POP_NC,RU,2017 ,146842.4
POP_NC,RW,2017 ,0.0
POP_NC,SA,2017 ,32716.8
POP_NC,SB,2017 ,636.04
POP_NC,SC,2017 ,0.0
POP_NC,SD,2017 ,40813.4
POP_NC,SE,2017 ,10057.7
POP_NC,SI,2017 ,2065.82
POP_NC,SK,2017 ,5438.39
POP_NC,SL,2017 ,7488.42
POP_NC,SM,2017 ,33.67
POP_NC,SN,2017 ,0.0
POP_NC,SO,2017 ,14589.18
POP_NC,SR,2017 ,570.5
POP_NC,SS,2017 ,10910.76
POP_NC,ST,2017 ,207.09
POP_NC,SV,2017 ,0.0
POP_NC,SX,2017 ,41.44
POP_NC,SY,2017 ,17095.68
POP_NC,SZ,2017 ,1124.81
POP_NC,TC,2017 ,37.12
POP_NC,TD,2017 ,15016.75
POP_NC,TG,2017 ,7698.47
POP_NC,TH,2017 ,0.0
POP_NC,TJ,2017 ,0.0
POP_NC,TL,2017 ,1243.26
POP_NC,TM,2017 ,5757.67
POP_NC,TN,2017 ,0.0
POP_NC,TO,2017 ,102.0
POP_NC,TR,2017 ,80313.0
POP_NC,TT,2017 ,1384.06
POP_NC,TV,2017 ,11.37
POP_NC,TZ,2017 ,0.0
POP_NC,UA,2017 ,0.0
POP_NC,UG,2017 ,0.0
POP_NC,UK,2017 ,66040.0
POP_NC,US,2017 ,326860.0
POP_NC,UY,2017 ,0.0
POP_NC,VC,2017 ,109.83
POP_NC,VE,2017 ,0.0
POP_NC,VG,2017 ,29.58
POP_NC,VN,2017 ,0.0
POP_NC,VU,2017 ,285.51
POP_NC,WS,2017 ,0.0
POP_NC,YE,2017 ,27834.82
POP_NC,ZA,2017 ,55905.5
POP_NC,ZM,2017 ,16853.6
POP_NC,ZW,2017 ,14236.6
POP_NC,AD,2018 ,77.01
POP_NC,AE,2018 ,9630.96
POP_NC,AF,2018 ,37171.92
POP_NC,AG,2018 ,96.29
POP_NC,AI,2018 ,14.73
POP_NC,AL,2018 ,2866.38
POP_NC,AM,2018 ,0.0
POP_NC,AO,2018 ,30809.79
POP_NC,AR,2018 ,44494.5
POP_NC,AT,2018 ,8837.71
POP_NC,AU,2018 ,24963.3
POP_NC,AW,2018 ,105.85
POP_NC,AZ,2018 ,0.0
POP_NC,BB,2018 ,0.0
POP_NC,BD,2018 ,161376.71
POP_NC,BE,2018 ,11427.1
POP_NC,BF,2018 ,0.0
POP_NC,BG,2018 ,6710.8
POP_NC,BH,2018 ,1569.45
POP_NC,BI,2018 ,11175.37
POP_NC,BJ,2018 ,11485.04
POP_NC,BN,2018 ,0.0
POP_NC,BO,2018 ,0.0
POP_NC,BQ,2018 ,25.71
POP_NC,BR,2018 ,208494.9
POP_NC,BS,2018 ,385.64
POP_NC,BT,2018 ,754.39
POP_NC,BW,2018 ,0.0
POP_NC,BY,2018 ,0.0
POP_NC,BZ,2018 ,0.0
POP_NC,CA,2018 ,37072.6
POP_NC,CD,2018 ,84068.09
POP_NC,CF,2018 ,4666.37
POP_NC,CG,2018 ,5244.36
POP_NC,CH,2018 ,8518.33
POP_NC,CI,2018 ,0.0
POP_NC,CL,2018 ,18751.4
POP_NC,CM,2018 ,0.0
POP_NC,CN,2018 ,1405410.0
POP_NC,CO,2018 ,47241.1
POP_NC,CR,2018 ,5000.9
POP_NC,CU,2018 ,11338.13
POP_NC,CV,2018 ,0.0
POP_NC,CW,2018 ,162.75
POP_NC,CY,2018 ,870.07
POP_NC,CZ,2018 ,10534.23
POP_NC,DE,2018 ,82906.0
POP_NC,DJ,2018 ,958.92
POP_NC,DK,2018 ,5793.87
POP_NC,DM,2018 ,71.63
POP_NC,DO,2018 ,0.0
POP_NC,DZ,2018 ,0.0
POP_NC,EC,2018 ,0.0
POP_NC,EE,2018 ,1319.13
POP_NC,EG,2018 ,0.0
POP_NC,EL,2018 ,10732.89
POP_NC,ER,2018 ,0.0
POP_NC,ES,2018 ,46715.38
POP_NC,ET,2018 ,109224.41
POP_NC,FI,2018 ,5516.2
POP_NC,FJ,2018 ,883.48
POP_NC,FM,2018 ,112.64
POP_NC,FO,2018 ,48.5
POP_NC,FR,2018 ,67134.5
POP_NC,Y3,2018 ,282.94
POP_NC,GA,2018 ,2119.28
POP_NC,GD,2018 ,111.45
POP_NC,GE,2018 ,0.0
POP_NC,GH,2018 ,0.0
POP_NC,GL,2018 ,56.56
POP_NC,GM,2018 ,2280.09
POP_NC,GN,2018 ,12414.29
POP_NC,GQ,2018 ,1308.98
POP_NC,GT,2018 ,0.0
POP_NC,GU,2018 ,165.77
POP_NC,GW,2018 ,1874.3
POP_NC,GY,2018 ,779.01
POP_NC,HN,2018 ,0.0
POP_NC,HR,2018 ,4090.87
POP_NC,HT,2018 ,11123.18
POP_NC,HU,2018 ,9706.96
POP_NC,ID,2018 ,264161.6
POP_NC,IE,2018 ,4890.41
POP_NC,IL,2018 ,8879.5
POP_NC,IN,2018 ,1327000.0
POP_NC,IQ,2018 ,38433.6
POP_NC,IR,2018 ,81800.19
POP_NC,IS,2018 ,345.8
POP_NC,IT,2018 ,59877.2
POP_NC,JM,2018 ,0.0
POP_NC,JO,2018 ,0.0
POP_NC,JP,2018 ,126443.0
POP_NC,KE,2018 ,0.0
POP_NC,KG,2018 ,0.0
POP_NC,KH,2018 ,0.0
POP_NC,KI,2018 ,115.85
POP_NC,KM,2018 ,832.32
POP_NC,KN,2018 ,52.44
POP_NC,KR,2018 ,51585.0
POP_NC,KW,2018 ,4137.31
POP_NC,KY,2018 ,64.17
POP_NC,KZ,2018 ,18319.62
POP_NC,LA,2018 ,7061.51
POP_NC,LB,2018 ,6859.41
POP_NC,LC,2018 ,181.89
POP_NC,LI,2018 ,38.78
POP_NC,LK,2018 ,0.0
POP_NC,LR,2018 ,4818.97
POP_NC,LS,2018 ,2108.33
POP_NC,LT,2018 ,2819.2
POP_NC,LU,2018 ,608.81
POP_NC,LV,2018 ,1926.25
POP_NC,LY,2018 ,6678.56
POP_NC,MA,2018 ,0.0
POP_NC,MD,2018 ,0.0
POP_NC,ME,2018 ,622.23
POP_NC,MG,2018 ,0.0
POP_NC,MH,2018 ,58.41
POP_NC,MK,2018 ,0.0
POP_NC,ML,2018 ,19077.75
POP_NC,MM,2018 ,53708.32
POP_NC,MN,2018 ,0.0
POP_NC,MO,2018 ,0.0
POP_NC,MR,2018 ,4403.31
POP_NC,MS,2018 ,4.99
POP_NC,MT,2018 ,484.38
POP_NC,MU,2018 ,0.0
POP_NC,MV,2018 ,515.7
POP_NC,MW,2018 ,18143.22
POP_NC,MX,2018 ,123336.4
POP_NC,MY,2018 ,0.0
POP_NC,MZ,2018 ,0.0
POP_NC,NA,2018 ,0.0
POP_NC,NC,2018 ,279.99
POP_NC,NE,2018 ,22442.82
POP_NC,NG,2018 ,0.0
POP_NC,NI,2018 ,0.0
POP_NC,NL,2018 ,17232.0
POP_NC,NO,2018 ,5312.0
POP_NC,NP,2018 ,28095.71
POP_NC,NR,2018 ,10.67
POP_NC,NU,2018 ,1.62
POP_NC,NZ,2018 ,4922.2
POP_NC,CD,2018 ,1352823.4
POP_NC,OM,2018 ,0.0
POP_NC,PA,2018 ,0.0
POP_NC,PE,2018 ,0.0
POP_NC,PF,2018 ,277.68
POP_NC,PG,2018 ,8606.32
POP_NC,PH,2018 ,0.0
POP_NC,PK,2018 ,212228.29
POP_NC,PL,2018 ,37956.27
POP_NC,PR,2018 ,3039.6
POP_NC,PS,2018 ,0.0
POP_NC,PT,2018 ,10334.63
POP_NC,PW,2018 ,17.91
POP_NC,PY,2018 ,0.0
POP_NC,QA,2018 ,2781.68
POP_NC,RO,2018 ,19483.84
POP_NC,RS,2018 ,6982.6
POP_NC,RU,2018 ,146830.6
POP_NC,RW,2018 ,0.0
POP_NC,SA,2018 ,33413.7
POP_NC,SB,2018 ,652.86
POP_NC,SC,2018 ,0.0
POP_NC,SD,2018 ,41801.53
POP_NC,SE,2018 ,10175.21
POP_NC,SI,2018 ,2071.96
POP_NC,SK,2018 ,5446.01
POP_NC,SL,2018 ,7650.15
POP_NC,SM,2018 ,33.79
POP_NC,SN,2018 ,0.0
POP_NC,SO,2018 ,15008.23
POP_NC,SR,2018 ,575.99
POP_NC,SS,2018 ,10975.93
POP_NC,ST,2018 ,211.03
POP_NC,SV,2018 ,0.0
POP_NC,SX,2018 ,41.94
POP_NC,SY,2018 ,16945.06
POP_NC,SZ,2018 ,1136.28
POP_NC,TC,2018 ,37.67
POP_NC,TD,2018 ,15477.73
POP_NC,TG,2018 ,7889.09
POP_NC,TH,2018 ,0.0
POP_NC,TJ,2018 ,0.0
POP_NC,TL,2018 ,1267.97
POP_NC,TM,2018 ,5850.9
POP_NC,TN,2018 ,0.0
POP_NC,TO,2018 ,103.2
POP_NC,TR,2018 ,81407.0
POP_NC,TT,2018 ,1389.84
POP_NC,TV,2018 ,11.51
POP_NC,TZ,2018 ,0.0
POP_NC,UA,2018 ,0.0
POP_NC,UG,2018 ,0.0
POP_NC,UK,2018 ,66436.0
POP_NC,US,2018 ,328794.0
POP_NC,UY,2018 ,0.0
POP_NC,VC,2018 ,110.21
POP_NC,VE,2018 ,0.0
POP_NC,VG,2018 ,29.8
POP_NC,VN,2018 ,0.0
POP_NC,VU,2018 ,292.68
POP_NC,WS,2018 ,0.0
POP_NC,YE,2018 ,28498.68
POP_NC,ZA,2018 ,56622.8
POP_NC,ZM,2018 ,17351.71
POP_NC,ZW,2018 ,14438.8
POP_NC,AD,2019 ,77.14
POP_NC,AE,2019 ,9770.53
POP_NC,AF,2019 ,38041.75
POP_NC,AG,2019 ,97.12
POP_NC,AI,2019 ,14.87
POP_NC,AL,2019 ,2854.19
POP_NC,AM,2019 ,0.0
POP_NC,AO,2019 ,31825.3
POP_NC,AR,2019 ,44938.7
POP_NC,AT,2019 ,8877.64
POP_NC,AU,2019 ,25334.8
POP_NC,AW,2019 ,106.31
POP_NC,AZ,2019 ,0.0
POP_NC,BB,2019 ,0.0
POP_NC,BD,2019 ,163046.16
POP_NC,BE,2019 ,11489.0
POP_NC,BF,2019 ,0.0
POP_NC,BG,2019 ,6616.73
POP_NC,BH,2019 ,1641.17
POP_NC,BI,2019 ,11530.58
POP_NC,BJ,2019 ,11801.15
POP_NC,BN,2019 ,0.0
POP_NC,BO,2019 ,0.0
POP_NC,BQ,2019 ,25.98
POP_NC,BR,2019 ,210147.1
POP_NC,BS,2019 ,389.48
POP_NC,BT,2019 ,763.09
POP_NC,BW,2019 ,0.0
POP_NC,BY,2019 ,0.0
POP_NC,BZ,2019 ,0.0
POP_NC,CA,2019 ,37618.5
POP_NC,CD,2019 ,86790.57
POP_NC,CF,2019 ,4745.19
POP_NC,CG,2019 ,5380.51
POP_NC,CH,2019 ,8579.57
POP_NC,CI,2019 ,0.0
POP_NC,CL,2019 ,19107.2
POP_NC,CM,2019 ,0.0
POP_NC,CN,2019 ,1410080.0
POP_NC,CO,2019 ,48322.8
POP_NC,CR,2019 ,5055.2
POP_NC,CU,2019 ,11333.48
POP_NC,CV,2019 ,0.0
POP_NC,CW,2019 ,163.42
POP_NC,CY,2019 ,881.95
POP_NC,CZ,2019 ,10550.31
POP_NC,DE,2019 ,83093.0
POP_NC,DJ,2019 ,973.56
POP_NC,DK,2019 ,5816.94
POP_NC,DM,2019 ,71.81
POP_NC,DO,2019 ,0.0
POP_NC,DZ,2019 ,0.0
POP_NC,EC,2019 ,0.0
POP_NC,EE,2019 ,1324.82
POP_NC,EG,2019 ,0.0
POP_NC,EL,2019 ,10721.57
POP_NC,ER,2019 ,0.0
POP_NC,ES,2019 ,47087.78
POP_NC,ET,2019 ,112078.73
POP_NC,FI,2019 ,5521.6
POP_NC,FJ,2019 ,889.95
POP_NC,FM,2019 ,113.82
POP_NC,FO,2019 ,48.68
POP_NC,FR,2019 ,67396.3
POP_NC,Y3,2019 ,290.83
POP_NC,GA,2019 ,2172.58
POP_NC,GD,2019 ,112.0
POP_NC,GE,2019 ,0.0
POP_NC,GH,2019 ,0.0
POP_NC,GL,2019 ,56.67
POP_NC,GM,2019 ,2347.71
POP_NC,GN,2019 ,12771.25
POP_NC,GQ,2019 ,1355.99
POP_NC,GT,2019 ,0.0
POP_NC,GU,2019 ,167.29
POP_NC,GW,2019 ,1920.92
POP_NC,GY,2019 ,782.77
POP_NC,HN,2019 ,0.0
POP_NC,HR,2019 ,0.0
POP_NC,HT,2019 ,11263.08
POP_NC,HU,2019 ,9694.82
POP_NC,ID,2019 ,266911.9
POP_NC,IE,2019 ,4967.46
POP_NC,IL,2019 ,9051.0
POP_NC,IN,2019 ,1341000.0
POP_NC,IQ,2019 ,39309.78
POP_NC,IR,2019 ,82913.91
POP_NC,IS,2019 ,351.8
POP_NC,IT,2019 ,59729.1
POP_NC,JM,2019 ,0.0
POP_NC,JO,2019 ,0.0
POP_NC,JP,2019 ,126166.9
POP_NC,KE,2019 ,0.0
POP_NC,KG,2019 ,0.0
POP_NC,KH,2019 ,0.0
POP_NC,KI,2019 ,117.61
POP_NC,KM,2019 ,850.89
POP_NC,KN,2019 ,52.82
POP_NC,KR,2019 ,51765.0
POP_NC,KW,2019 ,4207.08
POP_NC,KY,2019 ,64.95
POP_NC,KZ,2019 ,18551.43
POP_NC,LA,2019 ,7169.46
POP_NC,LB,2019 ,6855.71
POP_NC,LC,2019 ,182.79
POP_NC,LI,2019 ,39.16
POP_NC,LK,2019 ,0.0
POP_NC,LR,2019 ,4937.37
POP_NC,LS,2019 ,2125.27
POP_NC,LT,2019 ,2811.09
POP_NC,LU,2019 ,621.53
POP_NC,LV,2019 ,1913.19
POP_NC,LY,2019 ,6777.45
POP_NC,MA,2019 ,0.0
POP_NC,MD,2019 ,0.0
POP_NC,ME,2019 ,622.03
POP_NC,MG,2019 ,0.0
POP_NC,MH,2019 ,58.79
POP_NC,MK,2019 ,0.0
POP_NC,ML,2019 ,19658.03
POP_NC,MM,2019 ,54045.42
POP_NC,MN,2019 ,0.0
POP_NC,MO,2019 ,0.0
POP_NC,MR,2019 ,4525.7
POP_NC,MS,2019 ,4.99
POP_NC,MT,2019 ,504.56
POP_NC,MU,2019 ,0.0
POP_NC,MV,2019 ,530.95
POP_NC,MW,2019 ,18628.75
POP_NC,MX,2019 ,124960.1
POP_NC,MY,2019 ,0.0
POP_NC,MZ,2019 ,0.0
POP_NC,NA,2019 ,0.0
POP_NC,NC,2019 ,282.75
POP_NC,NE,2019 ,23310.72
POP_NC,NG,2019 ,0.0
POP_NC,NI,2019 ,0.0
POP_NC,NL,2019 ,17345.0
POP_NC,NO,2019 ,5348.0
POP_NC,NP,2019 ,28608.71
POP_NC,NR,2019 ,10.76
POP_NC,NU,2019 ,1.62
POP_NC,NZ,2019 ,5012.6
POP_NC,CD,2019 ,1361486.7
POP_NC,OM,2019 ,0.0
POP_NC,PA,2019 ,0.0
POP_NC,PE,2019 ,0.0
POP_NC,PF,2019 ,279.29
POP_NC,PG,2019 ,8776.11
POP_NC,PH,2019 ,0.0
POP_NC,PK,2019 ,216565.32
POP_NC,PL,2019 ,37948.14
POP_NC,PR,2019 ,2933.41
POP_NC,PS,2019 ,0.0
POP_NC,PT,2019 ,10354.45
POP_NC,PW,2019 ,18.01
POP_NC,PY,2019 ,0.0
POP_NC,QA,2019 ,2832.07
POP_NC,RO,2019 ,19394.23
POP_NC,RS,2019 ,6945.24
POP_NC,RU,2019 ,146764.7
POP_NC,RW,2019 ,0.0
POP_NC,SA,2019 ,34218.2
POP_NC,SB,2019 ,669.82
POP_NC,SC,2019 ,0.0
POP_NC,SD,2019 ,42813.24
POP_NC,SE,2019 ,10278.89
POP_NC,SI,2019 ,2089.01
POP_NC,SK,2019 ,5453.24
POP_NC,SL,2019 ,7813.22
POP_NC,SM,2019 ,33.86
POP_NC,SN,2019 ,0.0
POP_NC,SO,2019 ,15442.91
POP_NC,SR,2019 ,581.37
POP_NC,SS,2019 ,11062.11
POP_NC,ST,2019 ,215.06
POP_NC,SV,2019 ,0.0
POP_NC,SX,2019 ,42.39
POP_NC,SY,2019 ,17070.14
POP_NC,SZ,2019 ,1148.13
POP_NC,TC,2019 ,38.19
POP_NC,TD,2019 ,15946.88
POP_NC,TG,2019 ,8082.37
POP_NC,TH,2019 ,0.0
POP_NC,TJ,2019 ,0.0
POP_NC,TL,2019 ,1293.12
POP_NC,TM,2019 ,5942.09
POP_NC,TN,2019 ,0.0
POP_NC,TO,2019 ,104.49
POP_NC,TR,2019 ,82579.0
POP_NC,TT,2019 ,1394.97
POP_NC,TV,2019 ,11.65
POP_NC,TZ,2019 ,0.0
POP_NC,UA,2019 ,0.0
POP_NC,UG,2019 ,0.0
POP_NC,UK,2019 ,66797.0
POP_NC,US,2019 ,330513.0
POP_NC,UY,2019 ,0.0
POP_NC,VC,2019 ,110.59
POP_NC,VE,2019 ,0.0
POP_NC,VG,2019 ,30.03
POP_NC,VN,2019 ,0.0
POP_NC,VU,2019 ,299.88
POP_NC,WS,2019 ,0.0
POP_NC,YE,2019 ,29161.92
POP_NC,ZA,2019 ,57341.7
POP_NC,ZM,2019 ,17861.03
POP_NC,ZW,2019 ,14645.47
POP_NC,AD,2020 ,77.27
POP_NC,AE,2020 ,9890.4
POP_NC,AF,2020 ,38928.35
POP_NC,AG,2020 ,97.93
POP_NC,AI,2020 ,15.0
POP_NC,AL,2020 ,2837.85
POP_NC,AM,2020 ,0.0
POP_NC,AO,2020 ,32866.27
POP_NC,AR,2020 ,45376.8
POP_NC,AT,2020 ,8916.85
POP_NC,AU,2020 ,25649.2
POP_NC,AW,2020 ,106.77
POP_NC,AZ,2020 ,0.0
POP_NC,BB,2020 ,0.0
POP_NC,BD,2020 ,164689.38
POP_NC,BE,2020 ,11538.7
POP_NC,BF,2020 ,0.0
POP_NC,BG,2020 ,6550.7
POP_NC,BH,2020 ,1701.58
POP_NC,BI,2020 ,11890.78
POP_NC,BJ,2020 ,12123.2
POP_NC,BN,2020 ,0.0
POP_NC,BO,2020 ,0.0
POP_NC,BQ,2020 ,26.22
POP_NC,BR,2020 ,211755.7
POP_NC,BS,2020 ,393.24
POP_NC,BT,2020 ,771.61
POP_NC,BW,2020 ,0.0
POP_NC,BY,2020 ,0.0
POP_NC,BZ,2020 ,0.0
POP_NC,CA,2020 ,38028.6
POP_NC,CD,2020 ,89561.4
POP_NC,CF,2020 ,4829.77
POP_NC,CG,2020 ,5518.09
POP_NC,CH,2020 ,8644.35
POP_NC,CI,2020 ,0.0
POP_NC,CL,2020 ,19458.3
POP_NC,CM,2020 ,0.0
POP_NC,CN,2020 ,1412120.0
POP_NC,CO,2020 ,49261.0
POP_NC,CR,2020 ,5108.5
POP_NC,CU,2020 ,11326.62
POP_NC,CV,2020 ,0.0
POP_NC,CW,2020 ,164.09
POP_NC,CY,2020 ,892.0
POP_NC,CZ,2020 ,10502.15
POP_NC,DE,2020 ,83161.0
POP_NC,DJ,2020 ,988.0
POP_NC,DK,2020 ,5829.7
POP_NC,DM,2020 ,71.99
POP_NC,DO,2020 ,0.0
POP_NC,DZ,2020 ,0.0
POP_NC,EC,2020 ,0.0
POP_NC,EE,2020 ,1328.89
POP_NC,EG,2020 ,0.0
POP_NC,EL,2020 ,10698.59
POP_NC,ER,2020 ,0.0
POP_NC,ES,2020 ,47344.85
POP_NC,ET,2020 ,114963.59
POP_NC,FI,2020 ,5530.7
POP_NC,FJ,2020 ,896.45
POP_NC,FM,2020 ,115.02
POP_NC,FO,2020 ,48.86
POP_NC,FR,2020 ,67627.3
POP_NC,Y3,2020 ,298.68
POP_NC,GA,2020 ,2225.73
POP_NC,GD,2020 ,112.52
POP_NC,GE,2020 ,0.0
POP_NC,GH,2020 ,0.0
POP_NC,GL,2020 ,56.77
POP_NC,GM,2020 ,2416.67
POP_NC,GN,2020 ,13132.8
POP_NC,GQ,2020 ,1402.99
POP_NC,GT,2020 ,0.0
POP_NC,GU,2020 ,168.78
POP_NC,GW,2020 ,1968.0
POP_NC,GY,2020 ,786.55
POP_NC,HN,2020 ,0.0
POP_NC,HR,2020 ,3950.4
POP_NC,HT,2020 ,11402.53
POP_NC,HU,2020 ,9670.42
POP_NC,ID,2020 ,270203.9
POP_NC,IE,2020 ,5034.43
POP_NC,IL,2020 ,9214.3
POP_NC,IN,2020 ,1355417.0
POP_NC,IQ,2020 ,40222.49
POP_NC,IR,2020 ,83992.95
POP_NC,IS,2020 ,356.2
POP_NC,IT,2020 ,59438.9
POP_NC,JM,2020 ,0.0
POP_NC,JO,2020 ,0.0
POP_NC,JP,2020 ,125708.4
POP_NC,KE,2020 ,0.0
POP_NC,KG,2020 ,0.0
POP_NC,KH,2020 ,0.0
POP_NC,KI,2020 ,119.45
POP_NC,KM,2020 ,869.6
POP_NC,KN,2020 ,53.2
POP_NC,KR,2020 ,51836.0
POP_NC,KW,2020 ,4270.57
POP_NC,KY,2020 ,65.72
POP_NC,KZ,2020 ,18776.71
POP_NC,LA,2020 ,7275.56
POP_NC,LB,2020 ,6825.45
POP_NC,LC,2020 ,183.63
POP_NC,LI,2020 ,39.43
POP_NC,LK,2020 ,0.0
POP_NC,LR,2020 ,5057.68
POP_NC,LS,2020 ,2142.25
POP_NC,LT,2020 ,2810.37
POP_NC,LU,2020 ,631.15
POP_NC,LV,2020 ,1900.86
POP_NC,LY,2020 ,6871.29
POP_NC,MA,2020 ,0.0
POP_NC,MD,2020 ,0.0
POP_NC,ME,2020 ,621.31
POP_NC,MG,2020 ,0.0
POP_NC,MH,2020 ,59.19
POP_NC,MK,2020 ,0.0
POP_NC,ML,2020 ,20250.83
POP_NC,MM,2020 ,54409.8
POP_NC,MN,2020 ,0.0
POP_NC,MO,2020 ,0.0
POP_NC,MR,2020 ,4649.66
POP_NC,MS,2020 ,4.99
POP_NC,MT,2020 ,515.35
POP_NC,MU,2020 ,0.0
POP_NC,MV,2020 ,540.54
POP_NC,MW,2020 ,19129.95
POP_NC,MX,2020 ,126383.3
POP_NC,MY,2020 ,0.0
POP_NC,MZ,2020 ,0.0
POP_NC,NA,2020 ,0.0
POP_NC,NC,2020 ,285.5
POP_NC,NE,2020 ,24206.64
POP_NC,NG,2020 ,0.0
POP_NC,NI,2020 ,0.0
POP_NC,NL,2020 ,17442.0
POP_NC,NO,2020 ,5379.0
POP_NC,NP,2020 ,29136.81
POP_NC,NR,2020 ,10.82
POP_NC,NU,2020 ,1.63
POP_NC,NZ,2020 ,5097.1
POP_NC,CD,2020 ,0.0
POP_NC,OM,2020 ,0.0
POP_NC,PA,2020 ,0.0
POP_NC,PE,2020 ,0.0
POP_NC,PF,2020 ,280.91
POP_NC,PG,2020 ,8947.02
POP_NC,PH,2020 ,0.0
POP_NC,PK,2020 ,220892.34
POP_NC,PL,2020 ,0.0
POP_NC,PR,2020 ,2860.85
POP_NC,PS,2020 ,0.0
POP_NC,PT,2020 ,10384.85
POP_NC,PW,2020 ,18.09
POP_NC,PY,2020 ,0.0
POP_NC,QA,2020 ,2881.05
POP_NC,RO,2020 ,19296.08
POP_NC,RS,2020 ,6899.13
POP_NC,RU,2020 ,0.0
POP_NC,RW,2020 ,0.0
POP_NC,SA,2020 ,35114.1
POP_NC,SB,2020 ,686.88
POP_NC,SC,2020 ,0.0
POP_NC,SD,2020 ,43849.26
POP_NC,SE,2020 ,10353.44
POP_NC,SI,2020 ,2102.8
POP_NC,SK,2020 ,5460.51
POP_NC,SL,2020 ,7976.98
POP_NC,SM,2020 ,33.93
POP_NC,SN,2020 ,0.0
POP_NC,SO,2020 ,15893.22
POP_NC,SR,2020 ,586.63
POP_NC,SS,2020 ,11193.73
POP_NC,ST,2020 ,219.16
POP_NC,SV,2020 ,0.0
POP_NC,SX,2020 ,42.88
POP_NC,SY,2020 ,17500.66
POP_NC,SZ,2020 ,1160.16
POP_NC,TC,2020 ,38.72
POP_NC,TD,2020 ,16425.86
POP_NC,TG,2020 ,8278.72
POP_NC,TH,2020 ,0.0
POP_NC,TJ,2020 ,0.0
POP_NC,TL,2020 ,1318.45
POP_NC,TM,2020 ,6031.2
POP_NC,TN,2020 ,0.0
POP_NC,TO,2020 ,105.7
POP_NC,TR,2020 ,83385.0
POP_NC,TT,2020 ,1399.49
POP_NC,TV,2020 ,11.79
POP_NC,TZ,2020 ,0.0
POP_NC,UA,2020 ,0.0
POP_NC,UG,2020 ,0.0
POP_NC,UK,2020 ,0.0
POP_NC,US,2020 ,331800.0
POP_NC,UY,2020 ,0.0
POP_NC,VC,2020 ,110.94
POP_NC,VE,2020 ,0.0
POP_NC,VG,2020 ,30.23
POP_NC,VN,2020 ,0.0
POP_NC,VU,2020 ,307.15
POP_NC,WS,2020 ,0.0
POP_NC,YE,2020 ,29825.96
POP_NC,ZA,2020 ,58064.8
POP_NC,ZM,2020 ,18383.96
POP_NC,ZW,2020 ,14862.92
POP_NC,AD,2021 ,0.0
POP_NC,AE,2021 ,0.0
POP_NC,AF,2021 ,0.0
POP_NC,AG,2021 ,0.0
POP_NC,AI,2021 ,0.0
POP_NC,AL,2021 ,2811.67
POP_NC,AM,2021 ,0.0
POP_NC,AO,2021 ,0.0
POP_NC,AR,2021 ,45808.8
POP_NC,AT,2021 ,8951.54
POP_NC,AU,2021 ,25685.4
POP_NC,AW,2021 ,0.0
POP_NC,AZ,2021 ,0.0
POP_NC,BB,2021 ,0.0
POP_NC,BD,2021 ,0.0
POP_NC,BE,2021 ,11586.3
POP_NC,BF,2021 ,0.0
POP_NC,BG,2021 ,6507.3
POP_NC,BH,2021 ,0.0
POP_NC,BI,2021 ,0.0
POP_NC,BJ,2021 ,0.0
POP_NC,BN,2021 ,0.0
POP_NC,BO,2021 ,0.0
POP_NC,BQ,2021 ,0.0
POP_NC,BR,2021 ,213317.6
POP_NC,BS,2021 ,0.0
POP_NC,BT,2021 ,0.0
POP_NC,BW,2021 ,0.0
POP_NC,BY,2021 ,0.0
POP_NC,BZ,2021 ,0.0
POP_NC,CA,2021 ,38239.9
POP_NC,CD,2021 ,0.0
POP_NC,CF,2021 ,0.0
POP_NC,CG,2021 ,0.0
POP_NC,CH,2021 ,8708.22
POP_NC,CI,2021 ,0.0
POP_NC,CL,2021 ,19678.4
POP_NC,CM,2021 ,0.0
POP_NC,CN,2021 ,1412600.0
POP_NC,CO,2021 ,49941.4
POP_NC,CR,2021 ,5161.1
POP_NC,CU,2021 ,0.0
POP_NC,CV,2021 ,0.0
POP_NC,CW,2021 ,0.0
POP_NC,CY,2021 ,900.35
POP_NC,CZ,2021 ,10500.85
POP_NC,DE,2021 ,0.0
POP_NC,DJ,2021 ,0.0
POP_NC,DK,2021 ,5854.42
POP_NC,DM,2021 ,0.0
POP_NC,DO,2021 ,0.0
POP_NC,DZ,2021 ,0.0
POP_NC,EC,2021 ,0.0
POP_NC,EE,2021 ,1330.07
POP_NC,EG,2021 ,0.0
POP_NC,EL,2021 ,10640.41
POP_NC,ER,2021 ,0.0
POP_NC,ES,2021 ,47346.84
POP_NC,ET,2021 ,0.0
POP_NC,FI,2021 ,5541.5
POP_NC,FJ,2021 ,0.0
POP_NC,FM,2021 ,0.0
POP_NC,FO,2021 ,0.0
POP_NC,FR,2021 ,67871.3
POP_NC,Y3,2021 ,0.0
POP_NC,GA,2021 ,0.0
POP_NC,GD,2021 ,0.0
POP_NC,GE,2021 ,0.0
POP_NC,GH,2021 ,0.0
POP_NC,GL,2021 ,0.0
POP_NC,GM,2021 ,0.0
POP_NC,GN,2021 ,0.0
POP_NC,GQ,2021 ,0.0
POP_NC,GT,2021 ,0.0
POP_NC,GU,2021 ,0.0
POP_NC,GW,2021 ,0.0
POP_NC,GY,2021 ,0.0
POP_NC,HN,2021 ,0.0
POP_NC,HR,2021 ,3922.94
POP_NC,HT,2021 ,0.0
POP_NC,HU,2021 ,9630.93
POP_NC,ID,2021 ,272682.5
POP_NC,IE,2021 ,5091.85
POP_NC,IL,2021 ,9367.4
POP_NC,IN,2021 ,1368587.0
POP_NC,IQ,2021 ,0.0
POP_NC,IR,2021 ,0.0
POP_NC,IS,2021 ,361.6
POP_NC,IT,2021 ,59133.2
POP_NC,JM,2021 ,0.0
POP_NC,JO,2021 ,0.0
POP_NC,JP,2021 ,125502.0
POP_NC,KE,2021 ,0.0
POP_NC,KG,2021 ,0.0
POP_NC,KH,2021 ,0.0
POP_NC,KI,2021 ,0.0
POP_NC,KM,2021 ,0.0
POP_NC,KN,2021 ,0.0
POP_NC,KR,2021 ,51770.0
POP_NC,KW,2021 ,0.0
POP_NC,KY,2021 ,0.0
POP_NC,KZ,2021 ,0.0
POP_NC,LA,2021 ,0.0
POP_NC,LB,2021 ,0.0
POP_NC,LC,2021 ,0.0
POP_NC,LI,2021 ,39.71
POP_NC,LK,2021 ,0.0
POP_NC,LR,2021 ,0.0
POP_NC,LS,2021 ,0.0
POP_NC,LT,2021 ,2808.38
POP_NC,LU,2021 ,641.14
POP_NC,LV,2021 ,1884.75
POP_NC,LY,2021 ,0.0
POP_NC,MA,2021 ,0.0
POP_NC,MD,2021 ,0.0
POP_NC,ME,2021 ,619.21
POP_NC,MG,2021 ,0.0
POP_NC,MH,2021 ,0.0
POP_NC,MK,2021 ,0.0
POP_NC,ML,2021 ,0.0
POP_NC,MM,2021 ,0.0
POP_NC,MN,2021 ,0.0
POP_NC,MO,2021 ,0.0
POP_NC,MR,2021 ,0.0
POP_NC,MS,2021 ,0.0
POP_NC,MT,2021 ,518.17
POP_NC,MU,2021 ,0.0
POP_NC,MV,2021 ,0.0
POP_NC,MW,2021 ,0.0
POP_NC,MX,2021 ,127615.2
POP_NC,MY,2021 ,0.0
POP_NC,MZ,2021 ,0.0
POP_NC,NA,2021 ,0.0
POP_NC,NC,2021 ,0.0
POP_NC,NE,2021 ,0.0
POP_NC,NG,2021 ,0.0
POP_NC,NI,2021 ,0.0
POP_NC,NL,2021 ,17533.0
POP_NC,NO,2021 ,5408.0
POP_NC,NP,2021 ,0.0
POP_NC,NR,2021 ,0.0
POP_NC,NU,2021 ,0.0
POP_NC,NZ,2021 ,5113.7
POP_NC,OM,2021 ,0.0
POP_NC,PA,2021 ,0.0
POP_NC,PE,2021 ,0.0
POP_NC,PF,2021 ,0.0
POP_NC,PG,2021 ,0.0
POP_NC,PH,2021 ,0.0
POP_NC,PK,2021 ,0.0
POP_NC,PL,2021 ,36972.73
POP_NC,PR,2021 ,0.0
POP_NC,PS,2021 ,0.0
POP_NC,PT,2021 ,10407.71
POP_NC,PW,2021 ,0.0
POP_NC,PY,2021 ,0.0
POP_NC,QA,2021 ,0.0
POP_NC,RO,2021 ,19140.43
POP_NC,RS,2021 ,6834.33
POP_NC,RU,2021 ,0.0
POP_NC,RW,2021 ,0.0
POP_NC,SA,2021 ,0.0
POP_NC,SB,2021 ,0.0
POP_NC,SC,2021 ,0.0
POP_NC,SD,2021 ,0.0
POP_NC,SE,2021 ,10415.81
POP_NC,SI,2021 ,2107.73
POP_NC,SK,2021 ,0.0
POP_NC,SL,2021 ,0.0
POP_NC,SM,2021 ,0.0
POP_NC,SN,2021 ,0.0
POP_NC,SO,2021 ,0.0
POP_NC,SR,2021 ,0.0
POP_NC,SS,2021 ,0.0
POP_NC,ST,2021 ,0.0
POP_NC,SV,2021 ,0.0
POP_NC,SX,2021 ,0.0
POP_NC,SY,2021 ,0.0
POP_NC,SZ,2021 ,0.0
POP_NC,TC,2021 ,0.0
POP_NC,TD,2021 ,0.0
POP_NC,TG,2021 ,0.0
POP_NC,TH,2021 ,0.0
POP_NC,TJ,2021 ,0.0
POP_NC,TL,2021 ,0.0
POP_NC,TM,2021 ,0.0
POP_NC,TN,2021 ,0.0
POP_NC,TO,2021 ,0.0
POP_NC,TR,2021 ,84147.0
POP_NC,TT,2021 ,0.0
POP_NC,TV,2021 ,0.0
POP_NC,TZ,2021 ,0.0
POP_NC,UA,2021 ,0.0
POP_NC,UG,2021 ,0.0
POP_NC,UK,2021 ,0.0
POP_NC,US,2021 ,332367.0
POP_NC,UY,2021 ,0.0
POP_NC,VC,2021 ,0.0
POP_NC,VE,2021 ,0.0
POP_NC,VG,2021 ,0.0
POP_NC,VN,2021 ,0.0
POP_NC,VU,2021 ,0.0
POP_NC,WS,2021 ,0.0
POP_NC,YE,2021 ,0.0
POP_NC,ZA,2021 ,58791.0
POP_NC,ZM,2021 ,0.0
POP_NC,ZW,2021 ,0.0
POP_NC,AD,2022 ,0.0
POP_NC,AE,2022 ,0.0
POP_NC,AF,2022 ,0.0
POP_NC,AG,2022 ,0.0
POP_NC,AI,2022 ,0.0
POP_NC,AL,2022 ,2777.69
POP_NC,AM,2022 ,0.0
POP_NC,AO,2022 ,0.0
POP_NC,AR,2022 ,46234.8
POP_NC,AT,2022 ,9052.87
POP_NC,AU,2022 ,26014.4
POP_NC,AW,2022 ,0.0
POP_NC,AZ,2022 ,0.0
POP_NC,BB,2022 ,0.0
POP_NC,BD,2022 ,0.0
POP_NC,BE,2022 ,11680.2
POP_NC,BF,2022 ,0.0
POP_NC,BG,2022 ,6465.1
POP_NC,BH,2022 ,0.0
POP_NC,BI,2022 ,0.0
POP_NC,BJ,2022 ,0.0
POP_NC,BN,2022 ,0.0
POP_NC,BO,2022 ,0.0
POP_NC,BQ,2022 ,0.0
POP_NC,BR,2022 ,0.0
POP_NC,BS,2022 ,0.0
POP_NC,BT,2022 ,0.0
POP_NC,BW,2022 ,0.0
POP_NC,BY,2022 ,0.0
POP_NC,BZ,2022 ,0.0
POP_NC,CA,2022 ,38939.1
POP_NC,CD,2022 ,0.0
POP_NC,CF,2022 ,0.0
POP_NC,CG,2022 ,0.0
POP_NC,CH,2022 ,8782.33
POP_NC,CI,2022 ,0.0
POP_NC,CL,2022 ,19828.6
POP_NC,CM,2022 ,0.0
POP_NC,CN,2022 ,1411750.0
POP_NC,CO,2022 ,50495.2
POP_NC,CR,2022 ,5211.3
POP_NC,CU,2022 ,0.0
POP_NC,CV,2022 ,0.0
POP_NC,CW,2022 ,0.0
POP_NC,CY,2022 ,912.7
POP_NC,CZ,2022 ,10759.53
POP_NC,DE,2022 ,0.0
POP_NC,DJ,2022 ,0.0
POP_NC,DK,2022 ,5906.39
POP_NC,DM,2022 ,0.0
POP_NC,DO,2022 ,0.0
POP_NC,DZ,2022 ,0.0
POP_NC,EC,2022 ,0.0
POP_NC,EE,2022 ,1331.8
POP_NC,EG,2022 ,0.0
POP_NC,EL,2022 ,0.0
POP_NC,ER,2022 ,0.0
POP_NC,ES,2022 ,0.0
POP_NC,ET,2022 ,0.0
POP_NC,FI,2022 ,5556.9
POP_NC,FJ,2022 ,0.0
POP_NC,FM,2022 ,0.0
POP_NC,FO,2022 ,0.0
POP_NC,FR,2022 ,0.0
POP_NC,Y3,2022 ,0.0
POP_NC,GA,2022 ,0.0
POP_NC,GD,2022 ,0.0
POP_NC,GE,2022 ,0.0
POP_NC,GH,2022 ,0.0
POP_NC,GL,2022 ,0.0
POP_NC,GM,2022 ,0.0
POP_NC,GN,2022 ,0.0
POP_NC,GQ,2022 ,0.0
POP_NC,GT,2022 ,0.0
POP_NC,GU,2022 ,0.0
POP_NC,GW,2022 ,0.0
POP_NC,GY,2022 ,0.0
POP_NC,HN,2022 ,0.0
POP_NC,HR,2022 ,3917.98
POP_NC,HT,2022 ,0.0
POP_NC,HU,2022 ,9605.07
POP_NC,ID,2022 ,275773.8
POP_NC,IE,2022 ,5199.75
POP_NC,IL,2022 ,9551.0
POP_NC,IN,2022 ,1382894.0
POP_NC,IQ,2022 ,0.0
POP_NC,IR,2022 ,0.0
POP_NC,IS,2022 ,370.1
POP_NC,IT,2022 ,59013.7
POP_NC,JM,2022 ,0.0
POP_NC,JO,2022 ,0.0
POP_NC,JP,2022 ,124947.0
POP_NC,KE,2022 ,0.0
POP_NC,KG,2022 ,0.0
POP_NC,KH,2022 ,0.0
POP_NC,KI,2022 ,0.0
POP_NC,KM,2022 ,0.0
POP_NC,KN,2022 ,0.0
POP_NC,KR,2022 ,51673.0
POP_NC,KW,2022 ,0.0
POP_NC,KY,2022 ,0.0
POP_NC,KZ,2022 ,0.0
POP_NC,LA,2022 ,0.0
POP_NC,LB,2022 ,0.0
POP_NC,LC,2022 ,0.0
POP_NC,LI,2022 ,40.46
POP_NC,LK,2022 ,0.0
POP_NC,LR,2022 ,0.0
POP_NC,LS,2022 ,0.0
POP_NC,LT,2022 ,2831.64
POP_NC,LU,2022 ,655.28
POP_NC,LV,2022 ,1886.23
POP_NC,LY,2022 ,0.0
POP_NC,MA,2022 ,0.0
POP_NC,MD,2022 ,0.0
POP_NC,ME,2022 ,617.21
POP_NC,MG,2022 ,0.0
POP_NC,MH,2022 ,0.0
POP_NC,MK,2022 ,0.0
POP_NC,ML,2022 ,0.0
POP_NC,MM,2022 ,0.0
POP_NC,MN,2022 ,0.0
POP_NC,MO,2022 ,0.0
POP_NC,MR,2022 ,0.0
POP_NC,MS,2022 ,0.0
POP_NC,MT,2022 ,532.0
POP_NC,MU,2022 ,0.0
POP_NC,MV,2022 ,0.0
POP_NC,MW,2022 ,0.0
POP_NC,MX,2022 ,128582.1
POP_NC,MY,2022 ,0.0
POP_NC,MZ,2022 ,0.0
POP_NC,NA,2022 ,0.0
POP_NC,NC,2022 ,0.0
POP_NC,NE,2022 ,0.0
POP_NC,NG,2022 ,0.0
POP_NC,NI,2022 ,0.0
POP_NC,NL,2022 ,0.0
POP_NC,NO,2022 ,5457.0
POP_NC,NP,2022 ,0.0
POP_NC,NR,2022 ,0.0
POP_NC,NU,2022 ,0.0
POP_NC,NZ,2022 ,5142.0
POP_NC,OM,2022 ,0.0
POP_NC,PA,2022 ,0.0
POP_NC,PE,2022 ,0.0
POP_NC,PF,2022 ,0.0
POP_NC,PG,2022 ,0.0
POP_NC,PH,2022 ,0.0
POP_NC,PK,2022 ,0.0
POP_NC,PL,2022 ,0.0
POP_NC,PR,2022 ,0.0
POP_NC,PS,2022 ,0.0
POP_NC,PT,2022 ,10468.87
POP_NC,PW,2022 ,0.0
POP_NC,PY,2022 ,0.0
POP_NC,QA,2022 ,0.0
POP_NC,RO,2022 ,19052.69
POP_NC,RS,2022 ,6664.45
POP_NC,RU,2022 ,0.0
POP_NC,RW,2022 ,0.0
POP_NC,SA,2022 ,0.0
POP_NC,SB,2022 ,0.0
POP_NC,SC,2022 ,0.0
POP_NC,SD,2022 ,0.0
POP_NC,SE,2022 ,10512.12
POP_NC,SI,2022 ,2109.39
POP_NC,SK,2022 ,5457.17
POP_NC,SL,2022 ,0.0
POP_NC,SM,2022 ,0.0
POP_NC,SN,2022 ,0.0
POP_NC,SO,2022 ,0.0
POP_NC,SR,2022 ,0.0
POP_NC,SS,2022 ,0.0
POP_NC,ST,2022 ,0.0
POP_NC,SV,2022 ,0.0
POP_NC,SX,2022 ,0.0
POP_NC,SY,2022 ,0.0
POP_NC,SZ,2022 ,0.0
POP_NC,TC,2022 ,0.0
POP_NC,TD,2022 ,0.0
POP_NC,TG,2022 ,0.0
POP_NC,TH,2022 ,0.0
POP_NC,TJ,2022 ,0.0
POP_NC,TL,2022 ,0.0
POP_NC,TM,2022 ,0.0
POP_NC,TN,2022 ,0.0
POP_NC,TO,2022 ,0.0
POP_NC,TR,2022 ,84980.0
POP_NC,TT,2022 ,0.0
POP_NC,TV,2022 ,0.0
POP_NC,TZ,2022 ,0.0
POP_NC,UA,2022 ,0.0
POP_NC,UG,2022 ,0.0
POP_NC,UK,2022 ,0.0
POP_NC,US,2022 ,333568.0
POP_NC,UY,2022 ,0.0
POP_NC,VC,2022 ,0.0
POP_NC,VE,2022 ,0.0
POP_NC,VG,2022 ,0.0
POP_NC,VN,2022 ,0.0
POP_NC,VU,2022 ,0.0
POP_NC,WS,2022 ,0.0
POP_NC,YE,2022 ,0.0
POP_NC,ZA,2022 ,59517.2
POP_NC,ZM,2022 ,0.0
POP_NC,ZW,2022 ,0.0
POP_NC,AD,2023 ,0.0
POP_NC,AE,2023 ,0.0
POP_NC,AF,2023 ,0.0
POP_NC,AG,2023 ,0.0
POP_NC,AI,2023 ,0.0
POP_NC,AL,2023 ,0.0
POP_NC,AM,2023 ,0.0
POP_NC,AO,2023 ,0.0
POP_NC,AR,2023 ,0.0
POP_NC,AT,2023 ,9130.73
POP_NC,AU,2023 ,26648.9
POP_NC,AW,2023 ,0.0
POP_NC,AZ,2023 ,0.0
POP_NC,BB,2023 ,0.0
POP_NC,BD,2023 ,0.0
POP_NC,BE,2023 ,0.0
POP_NC,BF,2023 ,0.0
POP_NC,BG,2023 ,6446.6
POP_NC,BH,2023 ,0.0
POP_NC,BI,2023 ,0.0
POP_NC,BJ,2023 ,0.0
POP_NC,BN,2023 ,0.0
POP_NC,BO,2023 ,0.0
POP_NC,BQ,2023 ,0.0
POP_NC,BR,2023 ,0.0
POP_NC,BS,2023 ,0.0
POP_NC,BT,2023 ,0.0
POP_NC,BW,2023 ,0.0
POP_NC,BY,2023 ,0.0
POP_NC,BZ,2023 ,0.0
POP_NC,CA,2023 ,40097.8
POP_NC,CD,2023 ,0.0
POP_NC,CF,2023 ,0.0
POP_NC,CG,2023 ,0.0
POP_NC,CH,2023 ,8915.29
POP_NC,CI,2023 ,0.0
POP_NC,CL,2023 ,19960.9
POP_NC,CM,2023 ,0.0
POP_NC,CN,2023 ,1409670.0
POP_NC,CO,2023 ,51027.9
POP_NC,CR,2023 ,5260.1
POP_NC,CU,2023 ,0.0
POP_NC,CV,2023 ,0.0
POP_NC,CW,2023 ,0.0
POP_NC,CY,2023 ,927.11
POP_NC,CZ,2023 ,10878.04
POP_NC,DE,2023 ,0.0
POP_NC,DJ,2023 ,0.0
POP_NC,DK,2023 ,5947.99
POP_NC,DM,2023 ,0.0
POP_NC,DO,2023 ,0.0
POP_NC,DZ,2023 ,0.0
POP_NC,EC,2023 ,0.0
POP_NC,EE,2023 ,1365.88
POP_NC,EG,2023 ,0.0
POP_NC,EL,2023 ,0.0
POP_NC,ER,2023 ,0.0
POP_NC,ES,2023 ,0.0
POP_NC,ET,2023 ,0.0
POP_NC,FI,2023 ,5577.4
POP_NC,FJ,2023 ,0.0
POP_NC,FM,2023 ,0.0
POP_NC,FO,2023 ,0.0
POP_NC,FR,2023 ,0.0
POP_NC,Y3,2023 ,0.0
POP_NC,GA,2023 ,0.0
POP_NC,GD,2023 ,0.0
POP_NC,GE,2023 ,0.0
POP_NC,GH,2023 ,0.0
POP_NC,GL,2023 ,0.0
POP_NC,GM,2023 ,0.0
POP_NC,GN,2023 ,0.0
POP_NC,GQ,2023 ,0.0
POP_NC,GT,2023 ,0.0
POP_NC,GU,2023 ,0.0
POP_NC,GW,2023 ,0.0
POP_NC,GY,2023 ,0.0
POP_NC,HN,2023 ,0.0
POP_NC,HR,2023 ,0.0
POP_NC,HT,2023 ,0.0
POP_NC,HU,2023 ,0.0
POP_NC,ID,2023 ,0.0
POP_NC,IE,2023 ,5295.87
POP_NC,IL,2023 ,9756.5
POP_NC,IN,2023 ,0.0
POP_NC,IQ,2023 ,0.0
POP_NC,IR,2023 ,0.0
POP_NC,IS,2023 ,379.5
POP_NC,IT,2023 ,58993.5
POP_NC,JM,2023 ,0.0
POP_NC,JO,2023 ,0.0
POP_NC,JP,2023 ,124352.0
POP_NC,KE,2023 ,0.0
POP_NC,KG,2023 ,0.0
POP_NC,KH,2023 ,0.0
POP_NC,KI,2023 ,0.0
POP_NC,KM,2023 ,0.0
POP_NC,KN,2023 ,0.0
POP_NC,KR,2023 ,51713.0
POP_NC,KW,2023 ,0.0
POP_NC,KY,2023 ,0.0
POP_NC,KZ,2023 ,0.0
POP_NC,LA,2023 ,0.0
POP_NC,LB,2023 ,0.0
POP_NC,LC,2023 ,0.0
POP_NC,LI,2023 ,0.0
POP_NC,LK,2023 ,0.0
POP_NC,LR,2023 ,0.0
POP_NC,LS,2023 ,0.0
POP_NC,LT,2023 ,2871.59
POP_NC,LU,2023 ,667.76
POP_NC,LV,2023 ,1881.54
POP_NC,LY,2023 ,0.0
POP_NC,MA,2023 ,0.0
POP_NC,MD,2023 ,0.0
POP_NC,ME,2023 ,0.0
POP_NC,MG,2023 ,0.0
POP_NC,MH,2023 ,0.0
POP_NC,MK,2023 ,0.0
POP_NC,ML,2023 ,0.0
POP_NC,MM,2023 ,0.0
POP_NC,MN,2023 ,0.0
POP_NC,MO,2023 ,0.0
POP_NC,MR,2023 ,0.0
POP_NC,MS,2023 ,0.0
POP_NC,MT,2023 ,553.58
POP_NC,MU,2023 ,0.0
POP_NC,MV,2023 ,0.0
POP_NC,MW,2023 ,0.0
POP_NC,MX,2023 ,129317.7
POP_NC,MY,2023 ,0.0
POP_NC,MZ,2023 ,0.0
POP_NC,NA,2023 ,0.0
POP_NC,NC,2023 ,0.0
POP_NC,NE,2023 ,0.0
POP_NC,NG,2023 ,0.0
POP_NC,NI,2023 ,0.0
POP_NC,NL,2023 ,0.0
POP_NC,NO,2023 ,5542.0
POP_NC,NP,2023 ,0.0
POP_NC,NR,2023 ,0.0
POP_NC,NU,2023 ,0.0
POP_NC,NZ,2023 ,0.0
POP_NC,OM,2023 ,0.0
POP_NC,PA,2023 ,0.0
POP_NC,PE,2023 ,0.0
POP_NC,PF,2023 ,0.0
POP_NC,PG,2023 ,0.0
POP_NC,PH,2023 ,0.0
POP_NC,PK,2023 ,0.0
POP_NC,PL,2023 ,37630.45
POP_NC,PR,2023 ,0.0
POP_NC,PS,2023 ,0.0
POP_NC,PT,2023 ,0.0
POP_NC,PW,2023 ,0.0
POP_NC,PY,2023 ,0.0
POP_NC,QA,2023 ,0.0
POP_NC,RO,2023 ,0.0
POP_NC,RS,2023 ,0.0
POP_NC,RU,2023 ,0.0
POP_NC,RW,2023 ,0.0
POP_NC,SA,2023 ,0.0
POP_NC,SB,2023 ,0.0
POP_NC,SC,2023 ,0.0
POP_NC,SD,2023 ,0.0
POP_NC,SE,2023 ,10592.7
POP_NC,SI,2023 ,2120.54
POP_NC,SK,2023 ,5457.49
POP_NC,SL,2023 ,0.0
POP_NC,SM,2023 ,0.0
POP_NC,SN,2023 ,0.0
POP_NC,SO,2023 ,0.0
POP_NC,SR,2023 ,0.0
POP_NC,SS,2023 ,0.0
POP_NC,ST,2023 ,0.0
POP_NC,SV,2023 ,0.0
POP_NC,SX,2023 ,0.0
POP_NC,SY,2023 ,0.0
POP_NC,SZ,2023 ,0.0
POP_NC,TC,2023 ,0.0
POP_NC,TD,2023 ,0.0
POP_NC,TG,2023 ,0.0
POP_NC,TH,2023 ,0.0
POP_NC,TJ,2023 ,0.0
POP_NC,TL,2023 ,0.0
POP_NC,TM,2023 ,0.0
POP_NC,TN,2023 ,0.0
POP_NC,TO,2023 ,0.0
POP_NC,TR,2023 ,85326.0
POP_NC,TT,2023 ,0.0
POP_NC,TV,2023 ,0.0
POP_NC,TZ,2023 ,0.0
POP_NC,UA,2023 ,0.0
POP_NC,UG,2023 ,0.0
POP_NC,UK,2023 ,0.0
POP_NC,US,2023 ,335208.0
POP_NC,UY,2023 ,0.0
POP_NC,VC,2023 ,0.0
POP_NC,VE,2023 ,0.0
POP_NC,VG,2023 ,0.0
POP_NC,VN,2023 ,0.0
POP_NC,VU,2023 ,0.0
POP_NC,WS,2023 ,0.0
POP_NC,YE,2023 ,0.0
POP_NC,ZA,2023 ,0.0
POP_NC,ZM,2023 ,0.0
POP_NC,ZW,2023 ,0.0
POP_NC,AD,2024 ,0.0
POP_NC,AE,2024 ,0.0
POP_NC,AF,2024 ,0.0
POP_NC,AG,2024 ,0.0
POP_NC,AI,2024 ,0.0
POP_NC,AL,2024 ,0.0
POP_NC,AM,2024 ,0.0
POP_NC,AO,2024 ,0.0
POP_NC,AR,2024 ,0.0
POP_NC,AT,2024 ,0.0
POP_NC,AU,2024 ,0.0
POP_NC,AW,2024 ,0.0
POP_NC,AZ,2024 ,0.0
POP_NC,BB,2024 ,0.0
POP_NC,BD,2024 ,0.0
POP_NC,BE,2024 ,0.0
POP_NC,BF,2024 ,0.0
POP_NC,BG,2024 ,0.0
POP_NC,BH,2024 ,0.0
POP_NC,BI,2024 ,0.0
POP_NC,BJ,2024 ,0.0
POP_NC,BN,2024 ,0.0
POP_NC,BO,2024 ,0.0
POP_NC,BQ,2024 ,0.0
POP_NC,BR,2024 ,0.0
POP_NC,BS,2024 ,0.0
POP_NC,BT,2024 ,0.0
POP_NC,BW,2024 ,0.0
POP_NC,BY,2024 ,0.0
POP_NC,BZ,2024 ,0.0
POP_NC,CA,2024 ,0.0
POP_NC,CD,2024 ,0.0
POP_NC,CF,2024 ,0.0
POP_NC,CG,2024 ,0.0
POP_NC,CH,2024 ,0.0
POP_NC,CI,2024 ,0.0
POP_NC,CL,2024 ,0.0
POP_NC,CM,2024 ,0.0
POP_NC,CN,2024 ,0.0
POP_NC,CO,2024 ,0.0
POP_NC,CR,2024 ,0.0
POP_NC,CU,2024 ,0.0
POP_NC,CV,2024 ,0.0
POP_NC,CW,2024 ,0.0
POP_NC,CY,2024 ,0.0
POP_NC,CZ,2024 ,0.0
POP_NC,DE,2024 ,0.0
POP_NC,DJ,2024 ,0.0
POP_NC,DK,2024 ,0.0
POP_NC,DM,2024 ,0.0
POP_NC,DO,2024 ,0.0
POP_NC,DZ,2024 ,0.0
POP_NC,EC,2024 ,0.0
POP_NC,EE,2024 ,0.0
POP_NC,EG,2024 ,0.0
POP_NC,EL,2024 ,0.0
POP_NC,ER,2024 ,0.0
POP_NC,ES,2024 ,0.0
POP_NC,ET,2024 ,0.0
POP_NC,FI,2024 ,0.0
POP_NC,FJ,2024 ,0.0
POP_NC,FM,2024 ,0.0
POP_NC,FO,2024 ,0.0
POP_NC,FR,2024 ,0.0
POP_NC,Y3,2024 ,0.0
POP_NC,GA,2024 ,0.0
POP_NC,GD,2024 ,0.0
POP_NC,GE,2024 ,0.0
POP_NC,GH,2024 ,0.0
POP_NC,GL,2024 ,0.0
POP_NC,GM,2024 ,0.0
POP_NC,GN,2024 ,0.0
POP_NC,GQ,2024 ,0.0
POP_NC,GT,2024 ,0.0
POP_NC,GU,2024 ,0.0
POP_NC,GW,2024 ,0.0
POP_NC,GY,2024 ,0.0
POP_NC,HN,2024 ,0.0
POP_NC,HR,2024 ,0.0
POP_NC,HT,2024 ,0.0
POP_NC,HU,2024 ,0.0
POP_NC,ID,2024 ,0.0
POP_NC,IE,2024 ,0.0
POP_NC,IL,2024 ,0.0
POP_NC,IN,2024 ,0.0
POP_NC,IQ,2024 ,0.0
POP_NC,IR,2024 ,0.0
POP_NC,IS,2024 ,0.0
POP_NC,IT,2024 ,0.0
POP_NC,JM,2024 ,0.0
POP_NC,JO,2024 ,0.0
POP_NC,JP,2024 ,0.0
POP_NC,KE,2024 ,0.0
POP_NC,KG,2024 ,0.0
POP_NC,KH,2024 ,0.0
POP_NC,KI,2024 ,0.0
POP_NC,KM,2024 ,0.0
POP_NC,KN,2024 ,0.0
POP_NC,KR,2024 ,0.0
POP_NC,KW,2024 ,0.0
POP_NC,KY,2024 ,0.0
POP_NC,KZ,2024 ,0.0
POP_NC,LA,2024 ,0.0
POP_NC,LB,2024 ,0.0
POP_NC,LC,2024 ,0.0
POP_NC,LI,2024 ,0.0
POP_NC,LK,2024 ,0.0
POP_NC,LR,2024 ,0.0
POP_NC,LS,2024 ,0.0
POP_NC,LT,2024 ,0.0
POP_NC,LU,2024 ,0.0
POP_NC,LV,2024 ,0.0
POP_NC,LY,2024 ,0.0
POP_NC,MA,2024 ,0.0
POP_NC,MD,2024 ,0.0
POP_NC,ME,2024 ,0.0
POP_NC,MG,2024 ,0.0
POP_NC,MH,2024 ,0.0
POP_NC,MK,2024 ,0.0
POP_NC,ML,2024 ,0.0
POP_NC,MM,2024 ,0.0
POP_NC,MN,2024 ,0.0
POP_NC,MO,2024 ,0.0
POP_NC,MR,2024 ,0.0
POP_NC,MS,2024 ,0.0
POP_NC,MT,2024 ,0.0
POP_NC,MU,2024 ,0.0
POP_NC,MV,2024 ,0.0
POP_NC,MW,2024 ,0.0
POP_NC,MX,2024 ,0.0
POP_NC,MY,2024 ,0.0
POP_NC,MZ,2024 ,0.0
POP_NC,NA,2024 ,0.0
POP_NC,NC,2024 ,0.0
POP_NC,NE,2024 ,0.0
POP_NC,NG,2024 ,0.0
POP_NC,NI,2024 ,0.0
POP_NC,NL,2024 ,0.0
POP_NC,NO,2024 ,0.0
POP_NC,NP,2024 ,0.0
POP_NC,NR,2024 ,0.0
POP_NC,NU,2024 ,0.0
POP_NC,NZ,2024 ,0.0
POP_NC,OM,2024 ,0.0
POP_NC,PA,2024 ,0.0
POP_NC,PE,2024 ,0.0
POP_NC,PF,2024 ,0.0
POP_NC,PG,2024 ,0.0
POP_NC,PH,2024 ,0.0
POP_NC,PK,2024 ,0.0
POP_NC,PL,2024 ,0.0
POP_NC,PR,2024 ,0.0
POP_NC,PS,2024 ,0.0
POP_NC,PT,2024 ,0.0
POP_NC,PW,2024 ,0.0
POP_NC,PY,2024 ,0.0
POP_NC,QA,2024 ,0.0
POP_NC,RO,2024 ,0.0
POP_NC,RS,2024 ,0.0
POP_NC,RU,2024 ,0.0
POP_NC,RW,2024 ,0.0
POP_NC,SA,2024 ,0.0
POP_NC,SB,2024 ,0.0
POP_NC,SC,2024 ,0.0
POP_NC,SD,2024 ,0.0
POP_NC,SE,2024 ,0.0
POP_NC,SI,2024 ,0.0
POP_NC,SK,2024 ,0.0
POP_NC,SL,2024 ,0.0
POP_NC,SM,2024 ,0.0
POP_NC,SN,2024 ,0.0
POP_NC,SO,2024 ,0.0
POP_NC,SR,2024 ,0.0
POP_NC,SS,2024 ,0.0
POP_NC,ST,2024 ,0.0
POP_NC,SV,2024 ,0.0
POP_NC,SX,2024 ,0.0
POP_NC,SY,2024 ,0.0
POP_NC,SZ,2024 ,0.0
POP_NC,TC,2024 ,0.0
POP_NC,TD,2024 ,0.0
POP_NC,TG,2024 ,0.0
POP_NC,TH,2024 ,0.0
POP_NC,TJ,2024 ,0.0
POP_NC,TL,2024 ,0.0
POP_NC,TM,2024 ,0.0
POP_NC,TN,2024 ,0.0
POP_NC,TO,2024 ,0.0
POP_NC,TR,2024 ,0.0
POP_NC,TT,2024 ,0.0
POP_NC,TV,2024 ,0.0
POP_NC,TZ,2024 ,0.0
POP_NC,UA,2024 ,0.0
POP_NC,UG,2024 ,0.0
POP_NC,UK,2024 ,0.0
POP_NC,US,2024 ,0.0
POP_NC,UY,2024 ,0.0
POP_NC,VC,2024 ,0.0
POP_NC,VE,2024 ,0.0
POP_NC,VG,2024 ,0.0
POP_NC,VN,2024 ,0.0
POP_NC,VU,2024 ,0.0
POP_NC,WS,2024 ,0.0
POP_NC,YE,2024 ,0.0
POP_NC,ZA,2024 ,0.0
POP_NC,ZM,2024 ,0.0
POP_NC,ZW,2024 ,0.0
